"ID",Arquitectura,Estado_Modelo,Tipo_Input,Texto_input,Texto_Input,Texto_Output,FIDELIDAD,CALIDAD,DOMINIO,ALUCINACION,Notas_Cualitativas
1,MBart,Base,Texto Origen,"""算不尽仙友，你是智道蛊仙更当明白眼前的局势""","Friend Suan Bu Jin, as a wisdom path Gu Immortal, you should be even more aware of the current situation",It's not enough. You're a wise man who better understands the situation.,1,0,0,0,sintacticamente sigue el hilo
1,MBart,Base,Texto Origen,"""立刻这上百药草形成的药液，骤然落下，在与这血湖碰触的瞬间，如同相互之间有强烈的排斥，直接爆发，燃烧成为黑色的火焰，覆盖整个血湖""","As they flew through the air, they transformed into a medicinal liquid. When that entered the blood lake, a powerful expulsion force erupted out, and the burning caused a black smoke to rise up and fill the area","Immediately, the hundreds of herbs that formed the medicine dropped suddenly, and in the instant of contact with the lake of blood, as if there were a strong repulsion between them, burst out directly, burning into a black flame, covering the whole lake of blood",3,2,3,0,Semanticamente identico
1,MBart,Base,Texto Origen,"""对那些徒手肉搏者，这些堪比钢铁般坚硬的木刺，将会给他们留下深刻的印象""","To those fighting barehanded, these thorns that were as sturdy as steel would leave a lasting impression on them",These steel-hard wooden sticks will make a deep impression on the athletes,1,0,0,1,"""Atletas"""
1,MBart,Base,Texto Origen,"""古月方想口中喃喃，捂住心口""","Gu Yue Fang Xiang muttered, his hand over his heart","The Ancient moon mutters in their mouths, covering their hearts",1,1,2,0,No identifica el sujeto singular
1,MBart,Base,Texto Origen,"""若是在平地之上，尺许小径又算得了甚么，可是这石梁下临深谷，别说行走，只望一眼也不免胆战心惊""","If this stone bridge were laid on the ground, it would act just like a narrow alley, nothing to be afraid of, but under the stone bridge was a deep canyon. Just looking at it would cause the heart to tremble with fear, let alone walk across it","If it were on the plain, what could be counted as a short distance, but if the stone beam came down to the valley, let it not be said that it should go, and let it not be afraid of a glance",1,0,0,0,"Gramaticalmente parece bien, pero no tiene sentido"
1,MBart,Base,Texto Origen,"""虽然我并非黄金血脉。 参与王庭争霸，就是为了混迹到八十八角真阳楼中捞取好处""","Although I am not of the Huang Jin bloodline, I participated in the fight for Imperial Court to get some benefits from Eighty-Eight True Yang Building","Although I am not the golden blood of the kingdom, I joined the kingdom's rivalry in order to gain advantage by wandering through the eighty-eighth corner of the main square",2,1,1,0,"Las entidades no las pilla bien, pero en general se entiende"
1,MBart,Base,Texto Origen,"""反倒是北岸，此刻居然为上官天佑欢呼，这欢呼声让上官天佑心里别扭，他知道北岸不是因为自己，而是因为白小纯才对自己发出欢呼，也就是说，就算与白小纯对战的是一头猪，北岸也会为这头猪喝彩，这么一想，上官天佑心底对白小纯，更为不悦""","The north bank, on the other hand, actually did start to cheer for Shangguan Tianyou. In response, Shangguan Tianyou frowned, aware that they weren't really cheering for him, but against Bai Xiaochun. The north bank would cheer for any oppon ent of Bai Xiaochun’s, even if it were a pig. The thought left Shangguan Tianyou even more displeased than before"," On the other hand, on the north shore, at this moment, the cheer of the High Commissioner, the cheer that lets the High Commissioner's heart not twist, he knew that the north shore, not because of himself, but because of the white and small pure, that is to say, even if the battle with the white and small pure was a pig, the north shore would also cheer for the pig, thought the High Commissioner, the bottom of the heart to the white and small pure, even more unpleasant",1,0,0,0,"Gramaticalmente parece bien, pero no tiene sentido"
1,MBart,Base,Texto Origen,"""在仙元方面，巨阳仙尊应当占据优势。 在炼蛊方面，是方源占据优势""","In terms of immortal essence, Giant Sun Immortal Venerable should have an advantage, in terms of Gu refinement, Fang Yuan has the advantage"," On the side of the yuan, the yuan should dominate the yuan. On the side of the yuan, the yuan should dominate the yuan",1,0,0,0,"Sigue la sintactica, pero no tiene sentido al leerlo"
1,MBart,Base,Texto Origen,"""那么对不起得很，两柄剑都到了做哥哥的家里啦""","Then I am really very sorry, for both daggers would belong to my family then","So I'm sorry, but both swords have come to my brother's house",2,1,1,0,
1,MBart,Base,Texto Origen,"""方源，你怎么也想不到，会有今天吧""","Fang Yuan, you had never in your wildest imagination, expect this day to occur right","Fangyuan, you can't imagine, there'll be today",2,1,0,0,Tecnicamente correcto
1,MBart,Base,Texto Origen,"""提到弟弟丁言。 丁齐满脸悲伤愤怒""","Mentioning his brother, Ding Qi was extremely angry and upset",----,0,0,0,0,No devuelve traduccion
1,MBart,Base,Texto Origen,"""黄蓉道""",Huang Rong said,Huanglong Road,0,0,0,0,
1,MBart,Base,Texto Origen,"""大小姐，你不妨将此事交给我处理，我来找她谈，付出一些代价也无妨""","Missy, leave this to me, I will negotiate with her, it is okay if we pay a small price","Miss, please let me deal with it. I will come and talk to her, and I will pay for it",2,2,1,0,falla al final
1,MBart,Base,Texto Origen,"""现在还不是换取变化道仙蛊方，炼制变化道的其他仙蛊的时候""","Now was not the time to exchange them for transformation path Immortal Gu recipes, or the time to refine transformation path Immortal Gu","Now is not the time to change the way of the witchcraft, to refine the other witchcraft of the witchcraft",1,0,0,0,Pierde el hilo
1,MBart,Base,Texto Origen,"""苏秦背剑""",Reviving Qin Behind the Sword,Su Qin,0,0,0,0,se qwueda solo con el nombre
1,MBart,Base,Texto Origen,"""轰的一声，他就与前方的元妖子与通天道人，直接撞在了一起，元妖子喷出鲜血，通天道人一样鲜血狂喷，二人倒退时，噬灵上人与广目天尊，哪怕有些迟疑，可还是前行阻拦，与白小纯再次碰触""","A boom could be heard as he slammed into Prince Ur-Demon and Daoist Heavenspan. Blood sprayed out of both of their mouths as they were sent tumbling to the side. As for Reverend Devourer and Celestial Virūpākṣa, although they were still leery about the situation, they still tried to block Bai Xiaochun’s path","In a blow, he struck directly with the one who was ahead and the one who was on the way, and the one who was on the way bleeded, bleeding like the one who was on the way, and when the two fell back, the one who was on the way and the one who was on the way and the one who was on the way and the one who was on the way and the one who was on the way and the one who was on the way and the one who was on the way and the one who was on the way and the one who was on the way",0,0,0,0,"Al inicio sigue el hilo, sin identificar entidades, pero luego se pierde"
1,MBart,Base,Texto Origen,"""其中一个手段，是关于命牌蛊、魂灯蛊""",One of the methods was about life tablet Gu and soul lantern Gu,"One of them is the one about the spell of life, the spell of soul.",2,1,0,0,no pilla Gu
1,MBart,Base,Texto Origen,"""他最后说，我十分伤心，跟着你来的日子也不远了""",He finally said that his grief was so deep that the day he would follow her to the grave would not be far away,"Finally, he said, I am very sad, and the days of your coming are not far",0,0,0,0,no comments
1,MBart,Base,Texto Origen,"""刚想到这里，陆畏因眼前忽然一黑""","While thinking of this, Lu Wei Yin’s vision suddenly turned dark","When I thought about it, I suddenly saw a darkness in my eyes",1,2,0,0,El sujeto???
1,MBart,Base,Texto Origen,"""欧阳锋道""",Hong Qigong said,Eujong Road,0,0,0,0,quien?
1,MBart,Base,Texto Origen,"""一灯道""",Yideng said,One Light Road,0,0,0,0,
1,MBart,Base,Texto Origen,"""大部分风刃则成功地绕过水莲，在后方重新汇聚，形成一个稍小的纠风，仍旧向那头荒级虚兽撞去""","But most of the wind blades dodged the water lotus and gathered together again, forming a smaller entangled wind, and charging towards the desolate level phantom beast","Most of the wind's blades successfully passed through the lotus, regrouping in the rear, forming a small wind-turn, still striking at the barren-level beast",2,2,2,0,en general todo bien
1,MBart,Base,Texto Origen,"""嘴巴张得老大，露出一嘴齐整的牙齿，牙关紧闭""","The mouths opened up with jaws clenched, revealing a set of even teeth","The mouth is wide open, with a well-formed mouth and tight teeth",1,2,2,0,singular en vez de plural
1,MBart,Base,Texto Origen,"""伊上帝之降命，何修短之难哉""",Why did God make someone is life so short,How short is the life of God,0,0,0,0,
1,MBart,Base,Texto Origen,"""东方长凡点点头""",Dong Fang Chang Fan nodded,Mr. Chang-,0,0,0,0,
1,MBart,Base,Texto Origen,"""倒是真不错""",He is truly a good choice,It's really good,1,2,2,0,A nivel semantico muy similar
1,MBart,Base,Texto Origen,"""泰琴拼尽全力，不惜施展损害自己的手段，终于将王蚁收服""",Tai Qin gave it her all and used methods that carried backlash to herself but finally subdued the ant queen,"Tai-Ting did his best to harm himself, and finally conquered the ants",1,1,1,0,pierde el significado
1,MBart,Base,Texto Origen,"""柯镇恶听了两人对答，知道郭靖懂得谦抑，心下也自喜欢""",Ke Zhen E was delighted listening to their conversation. He was proud that Guo Jing was well-behaved,"When he heard the two answers, he knew that Guo Ying knew how to be humble and loved himself",1,1,0,0,
1,MBart,Base,Texto Origen,"""但此茶却是个例外，要一口气喝掉""","ut this tea was different, one had to gulp it in one mouthful",But this is an exception. Take a breath,0,0,0,0,Nada de té
1,MBart,Base,Texto Origen,"""领队的武官叫道""",The leader shouted in response,The commander cried,1,0,1,0,Tampoco hay que llorar
1,MBart,Base,Texto Origen,"""而现在，他只有将自身强悍到了极致后，才有把握，将那看似打不死的雷山，直接轰杀，一旦将其轰杀，白小纯就可以在无人追击中，彻底逃遁出去""","Right now, Bai Xiaochun knew that he had to become as powerful as he possibly could. He needed to cut down the seemingly unkillable Lei Shan, which would give them the oppor tunity to truly escape","And now, only when he has made himself strong to the point where he can be sure, he can shoot down the seemingly deadly mountain of lightning, and once he has shot down it, white and pure will be able to escape completely from no one's pursue",2,1,1,0,Pierde los nombres
1,MBart,Base,Texto Origen,"""气海老祖，你我之间其实并没有什么大的矛盾，完全可以和平共处""","Qi Sea Ancestor, we do not have a huge grudge between us, we can coexist in peace","There's really no big contradiction between you and me, Grandpa, and we can live together in peace",2,2,1,0,granpda??
1,MBart,Base,Texto Origen,"""若非方源不想在炎煌雷泽仙僵面前，暴露了定仙游和自己的身份，他早就赶到了""","If not for the fact that Fang Yuan did not want to expose Fixed Immortal Travel and his identity in front of the Blazing Glory Lightning Brilliance immortal zombie, he would have arrived long ago","If he didn't want to be exposed to the flame of the dragon, he would have already come",0,0,0,0,queda a medias
1,MBart,Base,Texto Origen,"""常山yīn的过去，早已经成为一个关于英雄的传说，在北原大地上广为流传""","Chang Shan Yin's past was a heroic tale, it was widely spread in northern plains","In the past, the mountainyīn has long been a legend about heroes, widely spread in the Northern Territory",2,2,0,0,pierde los nombres
1,MBart,Base,Texto Origen,"""我全身发抖，冷得很""","I was shaking all over, I was very cold.",I shivered and was very cold,3,3,3,0,
1,MBart,Base,Texto Origen,"""这就是将来，巨阳仙尊血道有成之后，可以吞并长生天，使得自身实力实现恐怖暴涨""","In the future, after Giant Sun I mmortal Venerable’sblood path cultivation reach ac ertain level, he could annex Longevity Heaven to raise his strength to at errifying level","This is the future, after the bloodstream of the giant lion and goddess is established, can swallow up the long life, make its own power to realize the terror rise",1,0,0,0,Sin sentido semantico
1,MBart,Base,Texto Origen,"""元始仙尊的复活之法，方源知晓其中一个""",Fang Yuan knew one of Primordial Origin Immortal Venerable’s revival methods,"The Method of Resurrection of the Emperor's Deity, one of which is known by the source.",1,1,0,0,Quien es el origen?
1,MBart,Base,Texto Origen,"""他们之前在大殿内也讨论过，彼此都非常为难，因为荣耀弟子的身份，太重要了，在这之前，给的都是战死之人，还从来没过活人，可如今白小纯居然活蹦乱跳的出现在自己面前 这让他们在刚刚知道这个消息时，一个个都愣了一下""","That was one of the reasons why the discussion had been so difficult earlier. The position of Prestige disciple was extremely important, and had previously only been conferred upon people who had died in battle, never living disciples. And yet, here Bai Xiaochun was right in front of them, healthy and no worse for wear That was one reason why all of them had been so shocked to hear the news that he was alive","They had discussed it in the Hall before, and it was very difficult for each other, because the status of the glorious disciple was so important, that before it all had been given to those who had died of war, and had never lived, but now the white and the pure had appeared before them, and they were all astonished when they had just heard the news",2,2,0,0,Sin renconocer entidades
1,MBart,Base,Texto Origen,"""我去哪啊""",Where am I supposed to go,Where am I going,2,1,1,0,
1,MBart,Base,Texto Origen,"""老毒物放蛇，真不要脸""",The Old Poison dispatches his snakes! Really shameless,Don't make faces with the old poison,0,0,0,1,
1,MBart,Base,Texto Origen,"""那也好，我宰了八人，再来助你""",I will come and help you after I have massacred these eight. Precisely,It's okay. I've killed eight. I'll come back and help you,2,2,1,0,"8 pone en el original, tecnicamente esta bien"
1,MBart,Base,Texto Origen,"""但这个计划总会有完成的那一天，咱们不抓紧这次难得的机会怎么行""","But this plan will eventually be completed, aren’t we grabbing onto this chance when it is available to us",But this plan will always come to an end on the day when we don't take this difficult opportunity,3,3,3,0,Bien
1,MBart,Base,Texto Origen,"""智道三元要素，分别是念、意、情""","Wisdom path had three elements, thoughts, wills, and emotions","The Three Elements of Wisdom are thought, thought, and feeling",3,3,2,0,
1,MBart,Base,Texto Origen,"""方源心中有明悟""",Fang Yuan comprehended inwardly,There is an understanding in the heart of the,1,0,0,0,Entidad?
1,MBart,Base,Texto Origen,"""他们是我的手下""",Those are my men,They are my men,3,3,3,0,
1,MBart,Base,Texto Origen,"""想这些有什么用""",What use is there in thinking about this,What's the use of thinking about this,3,3,3,0,
1,MBart,Base,Texto Origen,"""这落魄谷中，居然有盗天真传""",Luo Po valley actually has a Thieving Heaven true inheritance?,There was a true story of theft in the valley,2,1,0,0,Pierde el dominio
1,MBart,Base,Texto Origen,"""在这过程中，不死皮，不死金刚，不死筋 也都全部恢复，甚至白小纯有种强烈的感觉，此刻的不死卷，与他之前所拥有的，不大一样""","As it happened, his Undying Skin, Undying Heavenly King, and Undying Tendons all recovered completely. Furthermore, Bai Xiaochun could sense that this version of the Undying Codex was somehow different than what he had cultivated before","In the course of this process, the non-dead skin, the non-dead gold, the non-dead muscle, were all restored, and even the white boy had a strong feeling, and now the non-dead curve was not as much as he had had before",2,1,1,0,Nomrbes propios...
1,MBart,Base,Texto Origen,"""方源面色仍旧冷漠，就算是道歉，都是一脸高傲的样子""","Fang Yuan had a cold expression, even when he apologized, he had an arrogant look","Their face was still cold, and even apologizing, they looked arrogant",2,1,1,0,Nombre??
1,MBart,Base,Texto Origen,"""你居然一直在欺骗我们""", You actually were deceiving us,You've been lying to us,3,3,3,0,
1,MBart,Fine-Tuned,Texto Origen,"""算不尽仙友，你是智道蛊仙更当明白眼前的局势""","Friend Suan Bu Jin, as a wisdom path Gu Immortal, you should be even more aware of the current situation","Friend Suan Bu Jin, you are a wisdom path Gu Immortal, you should understand the current situation",3,3,3,0,
1,MBart,Fine-Tuned,Texto Origen,"""立刻这上百药草形成的药液，骤然落下，在与这血湖碰触的瞬间，如同相互之间有强烈的排斥，直接爆发，燃烧成为黑色的火焰，覆盖整个血湖""","As they flew through the air, they transformed into a medicinal liquid. When that entered the blood lake, a powerful expulsion force erupted out, and the burning caused a black smoke to rise up and fill the area","Instantly, the medicinal liquid that had been formed by the medicinal plants began to fall onto the lake of blood, and as they did, it was impossible to prevent them from oppos eding each other. Black flames erupted out, covering the entire lake of blood",3,2,3,0,
1,MBart,Fine-Tuned,Texto Origen,"""对那些徒手肉搏者，这些堪比钢铁般坚硬的木刺，将会给他们留下深刻的印象""","To those fighting barehanded, these thorns that were as sturdy as steel would leave a lasting impression on them","To those barehanded fighters, these steel-like spikes would leave a deep impression on them",3,3,3,0,
1,MBart,Fine-Tuned,Texto Origen,"""古月方想口中喃喃，捂住心口""","Gu Yue Fang Xiang muttered, his hand over his heart","Gu Yue Fang Xiang mumbled, covering his chest",3,2,3,0,
1,MBart,Fine-Tuned,Texto Origen,"""若是在平地之上，尺许小径又算得了甚么，可是这石梁下临深谷，别说行走，只望一眼也不免胆战心惊""","If this stone bridge were laid on the ground, it would act just like a narrow alley, nothing to be afraid of, but under the stone bridge was a deep canyon. Just looking at it would cause the heart to tremble with fear, let alone walk across it","If it was on flat ground, a foot or even a foot would not count as a long journey, but this stone bridge is so narrow that one has to be very careful not to look too far",1,1,1,0,Semanticamente sin mucho serntido
1,MBart,Fine-Tuned,Texto Origen,"""虽然我并非黄金血脉。 参与王庭争霸，就是为了混迹到八十八角真阳楼中捞取好处""","Although I am not of the Huang Jin bloodline, I participated in the fight for Imperial Court to get some benefits from Eighty-Eight True Yang Building","Although I am not of Huang Jin bloodline, participating in the Imperial Court contest is to get into Eighty-Eight True Yang Building and gain benefits",3,3,3,0,
1,MBart,Fine-Tuned,Texto Origen,"""反倒是北岸，此刻居然为上官天佑欢呼，这欢呼声让上官天佑心里别扭，他知道北岸不是因为自己，而是因为白小纯才对自己发出欢呼，也就是说，就算与白小纯对战的是一头猪，北岸也会为这头猪喝彩，这么一想，上官天佑心底对白小纯，更为不悦""","The north bank, on the other hand, actually did start to cheer for Shangguan Tianyou. In response, Shangguan Tianyou frowned, aware that they weren't really cheering for him, but against Bai Xiaochun. The north bank would cheer for any oppon ent of Bai Xiaochun’s, even if it were a pig. The thought left Shangguan Tianyou even more displeased than before","The north bank disciples actually cheered for Shangguan Tianyou, something that caused Shangguan Tianyou’s heart to tremble. He knew that the north bank disciples weren’t cheering for him because of himself, but rather, because of Bai Xiaochun. That meant that even if it were a pig fighting Bai Xiaochun, the north bank disciples would cheer for it. That made Shangguan Tianyou even more displeased with Bai Xiaochun than ever",3,3,3,0,
1,MBart,Fine-Tuned,Texto Origen,"""在仙元方面，巨阳仙尊应当占据优势。 在炼蛊方面，是方源占据优势""","In terms of immortal essence, Giant Sun Immortal Venerable should have an advantage, in terms of Gu refinement, Fang Yuan has the advantage","In terms of immortal essence, Giant Sun Immortal Venerable should have the advantage, in terms of Gu refinement, Fang Yuan should have the advantage",3,3,3,0,
1,MBart,Fine-Tuned,Texto Origen,"""那么对不起得很，两柄剑都到了做哥哥的家里啦""","Then I am really very sorry, for both daggers would belong to my family then","Then I am very sorry, both swords have come to my family",2,1,3,0,
1,MBart,Fine-Tuned,Texto Origen,"""方源，你怎么也想不到，会有今天吧""","Fang Yuan, you had never in your wildest imagination, expect this day to occur right","Fang Yuan, how could you not think of this day",1,1,2,0,recorta mucho
1,MBart,Fine-Tuned,Texto Origen,"""提到弟弟丁言。 丁齐满脸悲伤愤怒""","Mentioning his brother, Ding Qi was extremely angry and upset","Mentioning his younger brother Ding Yan, Ding Qi had a sad and furious expression",3,3,3,0,
1,MBart,Fine-Tuned,Texto Origen,"""黄蓉道""",Huang Rong said, Huang Rong said,3,3,3,0,
1,MBart,Fine-Tuned,Texto Origen,"""大小姐，你不妨将此事交给我处理，我来找她谈，付出一些代价也无妨""","Missy, leave this to me, I will negotiate with her, it is okay if we pay a small price","Young miss, you might as well hand this matter to me, I can talk to her and pay a price for it",3,2,2,0,
1,MBart,Fine-Tuned,Texto Origen,"""现在还不是换取变化道仙蛊方，炼制变化道的其他仙蛊的时候""","Now was not the time to exchange them for transformation path Immortal Gu recipes, or the time to refine transformation path Immortal Gu",Now is not the time to exchange for transformation path Immortal Gu recipes and refine other transformation path Immortal Gu,3,3,3,0,
1,MBart,Fine-Tuned,Texto Origen,"""苏秦背剑""",Reviving Qin Behind the Sword,Su Qin With Her Sword on Her Back,3,2,2,0,semanticamente correcto
1,MBart,Fine-Tuned,Texto Origen,"""轰的一声，他就与前方的元妖子与通天道人，直接撞在了一起，元妖子喷出鲜血，通天道人一样鲜血狂喷，二人倒退时，噬灵上人与广目天尊，哪怕有些迟疑，可还是前行阻拦，与白小纯再次碰触""","A boom could be heard as he slammed into Prince Ur-Demon and Daoist Heavenspan. Blood sprayed out of both of their mouths as they were sent tumbling to the side. As for Reverend Devourer and Celestial Virūpākṣa, although they were still leery about the situation, they still tried to block Bai Xiaochun’s path","Rumbling sounds could be heard as he slammed into Prince Ur-Demon and Daoist Heavenspan, causing blood to spray out of their mouths. Daoist Heavenspan also coughed up a huge mouthful of blood, and both of them tumbled backward. Reverend Devourer and Celestial Virūpākṣa hesitated for a moment, but then blocked their path and reached Bai Xiaochun again",3,3,3,0,
1,MBart,Fine-Tuned,Texto Origen,"""其中一个手段，是关于命牌蛊、魂灯蛊""",One of the methods was about life tablet Gu and soul lantern Gu,One of the methods was regarding life tablet Gu and soul lantern Gu,3,3,3,0,
1,MBart,Fine-Tuned,Texto Origen,"""他最后说，我十分伤心，跟着你来的日子也不远了""",He finally said that his grief was so deep that the day he would follow her to the grave would not be far away,"In the end, he said, I am very sad, I am not long away from you",1,1,1,0,Narrativamente insuficiente
1,MBart,Fine-Tuned,Texto Origen,"""刚想到这里，陆畏因眼前忽然一黑""","While thinking of this, Lu Wei Yin’s vision suddenly turned dark","As he thought of this, Lu Wei Yin’s vision turned dark",3,3,3,0,
1,MBart,Fine-Tuned,Texto Origen,"""欧阳锋道""",Hong Qigong said,Ouyang Feng said,1,0,0,0,Overfitting
1,MBart,Fine-Tuned,Texto Origen,"""一灯道""",Yideng said,Huang Rong asked,0,0,0,0,Overfitting
1,MBart,Fine-Tuned,Texto Origen,"""大部分风刃则成功地绕过水莲，在后方重新汇聚，形成一个稍小的纠风，仍旧向那头荒级虚兽撞去""","But most of the wind blades dodged the water lotus and gathered together again, forming a smaller entangled wind, and charging towards the desolate level phantom beast","Most of the wind blades successfully detoured the water lotus and gathered at the rear, forming a small entangled wind that still charged towards that desolate level phantom beast",3,2,3,0,
1,MBart,Fine-Tuned,Texto Origen,"""嘴巴张得老大，露出一嘴齐整的牙齿，牙关紧闭""","The mouths opened up with jaws clenched, revealing a set of even teeth","His mouth was wide open, revealing his well-formed teeth and tightly closed fangs",3,3,3,0,
1,MBart,Fine-Tuned,Texto Origen,"""伊上帝之降命，何修短之难哉""",Why did God make someone is life so short,Why is it so difficult to become the subordinate of God,0,1,1,0,
1,MBart,Fine-Tuned,Texto Origen,"""东方长凡点点头""",Dong Fang Chang Fan nodded, Dong Fang Chang Fan nodded,3,3,3,0,
1,MBart,Fine-Tuned,Texto Origen,"""倒是真不错""",He is truly a good choice,Not bad at all,2,2,2,0,
1,MBart,Fine-Tuned,Texto Origen,"""泰琴拼尽全力，不惜施展损害自己的手段，终于将王蚁收服""",Tai Qin gave it her all and used methods that carried backlash to herself but finally subdued the ant queen,"Tai Qin exerted all her strength and used her methods to harm herself, finally subduing the ant queen",3,3,3,0,
1,MBart,Fine-Tuned,Texto Origen,"""柯镇恶听了两人对答，知道郭靖懂得谦抑，心下也自喜欢""",Ke Zhen E was delighted listening to their conversation. He was proud that Guo Jing was well-behaved,"Upon hearing their conversation, Ke Zhen E knew that Guo Jing was very humble, so he thought to himself",1,2,3,0,
1,MBart,Fine-Tuned,Texto Origen,"""但此茶却是个例外，要一口气喝掉""","ut this tea was different, one had to gulp it in one mouthful","But this tea was an exception, it had to be drunk in one shot",3,3,3,0,
1,MBart,Fine-Tuned,Texto Origen,"""领队的武官叫道""",The leader shouted in response, The leader shouted,3,3,3,0,
1,MBart,Fine-Tuned,Texto Origen,"""而现在，他只有将自身强悍到了极致后，才有把握，将那看似打不死的雷山，直接轰杀，一旦将其轰杀，白小纯就可以在无人追击中，彻底逃遁出去""","Right now, Bai Xiaochun knew that he had to become as powerful as he possibly could. He needed to cut down the seemingly unkillable Lei Shan, which would give them the oppor tunity to truly escape","As of this moment, he had no other option than to try to get his hands on the seemingly invincible Lei Shan. If he did, then he would be able to flee from everyone else",1,2,3,0,
1,MBart,Fine-Tuned,Texto Origen,"""气海老祖，你我之间其实并没有什么大的矛盾，完全可以和平共处""","Qi Sea Ancestor, we do not have a huge grudge between us, we can coexist in peace","Qi Sea Ancestor, we actually don’thave any great conflict, we can live together peacefully",3,2,3,0,
1,MBart,Fine-Tuned,Texto Origen,"""若非方源不想在炎煌雷泽仙僵面前，暴露了定仙游和自己的身份，他早就赶到了""","If not for the fact that Fang Yuan did not want to expose Fixed Immortal Travel and his identity in front of the Blazing Glory Lightning Brilliance immortal zombie, he would have arrived long ago","If Fang Yuan did not want to expose Fixed Immortal Travel and his identity in front of the Blazing Glory Lightning Brilliance immortal zombie, he would have arrived already",3,3,3,0,
1,MBart,Fine-Tuned,Texto Origen,"""常山yīn的过去，早已经成为一个关于英雄的传说，在北原大地上广为流传""","Chang Shan Yin's past was a heroic tale, it was widely spread in northern plains","Chang Shan Yin's past had long been a legend of heroes, widely spread in northern plains",3,3,3,0,
1,MBart,Fine-Tuned,Texto Origen,"""我全身发抖，冷得很""","I was shaking all over, I was very cold.","I was shaking all over, I was very cold",3,3,3,0,
1,MBart,Fine-Tuned,Texto Origen,"""这就是将来，巨阳仙尊血道有成之后，可以吞并长生天，使得自身实力实现恐怖暴涨""","In the future, after Giant Sun I mmortal Venerable’sblood path cultivation reach ac ertain level, he could annex Longevity Heaven to raise his strength to at errifying level","In the future, when Giant Sun Immortal Venerable succeeds in blood path, he would be able to annex Longevity Heaven, his strength would rise drastically",3,3,3,0,
1,MBart,Fine-Tuned,Texto Origen,"""元始仙尊的复活之法，方源知晓其中一个""",Fang Yuan knew one of Primordial Origin Immortal Venerable’s revival methods,Fang Yuan knew of one of Primordial Origin Immortal Venerable’s revival methods,3,3,3,0,
1,MBart,Fine-Tuned,Texto Origen,"""他们之前在大殿内也讨论过，彼此都非常为难，因为荣耀弟子的身份，太重要了，在这之前，给的都是战死之人，还从来没过活人，可如今白小纯居然活蹦乱跳的出现在自己面前 这让他们在刚刚知道这个消息时，一个个都愣了一下""","That was one of the reasons why the discussion had been so difficult earlier. The position of Prestige disciple was extremely important, and had previously only been conferred upon people who had died in battle, never living disciples. And yet, here Bai Xiaochun was right in front of them, healthy and no worse for wear That was one reason why all of them had been so shocked to hear the news that he was alive","The two of them had discussed matters similar to this in the hall earlier, and had all been in a very difficult position. The position of Prestige disciple was extremely important. Before, all of the disciples who had died in battle had been people who had never been alive, but now that Bai Xiaochun had appeared right in front of them all of them were stunned",1,2,2,0,Pierde el hilo narrativo
1,MBart,Fine-Tuned,Texto Origen,"""我去哪啊""",Where am I supposed to go,Where am I going,1,2,2,0,
1,MBart,Fine-Tuned,Texto Origen,"""老毒物放蛇，真不要脸""",The Old Poison dispatches his snakes! Really shameless,The Old Poison is really shameless,1,1,2,0,
1,MBart,Fine-Tuned,Texto Origen,"""那也好，我宰了八人，再来助你""",I will come and help you after I have massacred these eight. Precisely, I will help you after I have slaughtered eight of them,2,3,2,0,
1,MBart,Fine-Tuned,Texto Origen,"""但这个计划总会有完成的那一天，咱们不抓紧这次难得的机会怎么行""","But this plan will eventually be completed, aren’t we grabbing onto this chance when it is available to us","But there will always be a day when this plan is completed, if we do not grab this rare opportunity, what will happen",2,3,3,0,
1,MBart,Fine-Tuned,Texto Origen,"""智道三元要素，分别是念、意、情""","Wisdom path had three elements, thoughts, wills, and emotions","Wisdom path had three elements, thoughts, wills, and emotions",3,3,3,0,
1,MBart,Fine-Tuned,Texto Origen,"""方源心中有明悟""",Fang Yuan comprehended inwardly,Fang Yuan had a realization,2,2,2,0,
1,MBart,Fine-Tuned,Texto Origen,"""他们是我的手下""",Those are my men,They are my subordinates,3,3,3,0,
1,MBart,Fine-Tuned,Texto Origen,"""想这些有什么用""",What use is there in thinking about this,What’s the use in thinking about this,3,3,3,0,
1,MBart,Fine-Tuned,Texto Origen,"""这落魄谷中，居然有盗天真传""",Luo Po valley actually has a Thieving Heaven true inheritance?,This Luo Po valley actually has a Thieving Heaven true inheritance,3,3,3,0,
1,MBart,Fine-Tuned,Texto Origen,"""在这过程中，不死皮，不死金刚，不死筋 也都全部恢复，甚至白小纯有种强烈的感觉，此刻的不死卷，与他之前所拥有的，不大一样""","As it happened, his Undying Skin, Undying Heavenly King, and Undying Tendons all recovered completely. Furthermore, Bai Xiaochun could sense that this version of the Undying Codex was somehow different than what he had cultivated before","During the process, his Undying Skin, Undying Heavenly King, and Undying Tendons all recovered. In fact, Bai Xiaochun couldn’t help but imagine how different the Undying Codex from before was",3,3,3,0,
1,MBart,Fine-Tuned,Texto Origen,"""方源面色仍旧冷漠，就算是道歉，都是一脸高傲的样子""","Fang Yuan had a cold expression, even when he apologized, he had an arrogant look","Fang Yuan’s expression was still cold, even though he apologized, he showed an arrogant expression",3,3,3,0,
1,MBart,Fine-Tuned,Texto Origen,"""你居然一直在欺骗我们""", You actually were deceiving us,You have been deceiving us,3,3,3,0,
2,Llama 3,Base,Prompt 1,"""算不尽仙友，你是智道蛊仙更当明白眼前的局势""","Friend Suan Bu Jin, as a wisdom path Gu Immortal, you should be even more aware of the current situation","You should understand the current situation, Suanbujin Xianyou, as a wise and knowledgeable Zhi Dao Jiao Xian",1,2,1,0,
2,Llama 3,Base,Prompt 1,"""立刻这上百药草形成的药液，骤然落下，在与这血湖碰触的瞬间，如同相互之间有强烈的排斥，直接爆发，燃烧成为黑色的火焰，覆盖整个血湖""","As they flew through the air, they transformed into a medicinal liquid. When that entered the blood lake, a powerful expulsion force erupted out, and the burning caused a black smoke to rise up and fill the area","The medicinal liquid formed by the hundreds of medicinal herbs suddenly fell down, and at the moment it came into contact with the Blood Lake, it was as if there was a strong repulsion between them, directly exploding and burning into black flames, covering the entire Blood Lake",2,2,2,0,
2,Llama 3,Base,Prompt 1,"""对那些徒手肉搏者，这些堪比钢铁般坚硬的木刺，将会给他们留下深刻的印象""","To those fighting barehanded, these thorns that were as sturdy as steel would leave a lasting impression on them","For those who fight with their bare hands, these wooden stakes as hard as steel will leave a deep impression on them",3,3,3,0,
2,Llama 3,Base,Prompt 1,"""古月方想口中喃喃，捂住心口""","Gu Yue Fang Xiang muttered, his hand over his heart","Gǔ Yuè murmured to himself, covering his mouth with his hand",1,2,1,0,
2,Llama 3,Base,Prompt 1,"""若是在平地之上，尺许小径又算得了甚么，可是这石梁下临深谷，别说行走，只望一眼也不免胆战心惊""","If this stone bridge were laid on the ground, it would act just like a narrow alley, nothing to be afraid of, but under the stone bridge was a deep canyon. Just looking at it would cause the heart to tremble with fear, let alone walk across it","On level ground, a narrow path of a few inches would be nothing, but this stone bridge hangs over a deep valley, and not only is it frightening to walk on it, just looking at it makes one's heart tremble with fear",2,2,2,0,
2,Llama 3,Base,Prompt 1,"""虽然我并非黄金血脉。 参与王庭争霸，就是为了混迹到八十八角真阳楼中捞取好处""","Although I am not of the Huang Jin bloodline, I participated in the fight for Imperial Court to get some benefits from Eighty-Eight True Yang Building","Although I am not of noble birth, participating in the struggle for hegemony in the Wang Ting is just to blend in and take advantage of the opportunities in the eighty-eightth true Yang Lou",3,1,1,0,
2,Llama 3,Base,Prompt 1,"""反倒是北岸，此刻居然为上官天佑欢呼，这欢呼声让上官天佑心里别扭，他知道北岸不是因为自己，而是因为白小纯才对自己发出欢呼，也就是说，就算与白小纯对战的是一头猪，北岸也会为这头猪喝彩，这么一想，上官天佑心底对白小纯，更为不悦""","The north bank, on the other hand, actually did start to cheer for Shangguan Tianyou. In response, Shangguan Tianyou frowned, aware that they weren't really cheering for him, but against Bai Xiaochun. The north bank would cheer for any oppon ent of Bai Xiaochun’s, even if it were a pig. The thought left Shangguan Tianyou even more displeased than before","On the contrary, it was the north shore that was cheering for Shang Guan Tianyou at this moment, and this cheer made Shang Guan Tianyou feel awkward in his heart. He knew that the north shore was not cheering for himself, but for Bai Xiaochun, which meant that even if the one fighting against Bai Xiaochun was a pig, the north shore would still cheer for the pig. Thinking of this, Shang Guan Tianyou was even more displeased with Bai Xiaochun in his heart",3,2,2,0,
2,Llama 3,Base,Prompt 1,"""在仙元方面，巨阳仙尊应当占据优势。 在炼蛊方面，是方源占据优势""","In terms of immortal essence, Giant Sun Immortal Venerable should have an advantage, in terms of Gu refinement, Fang Yuan has the advantage","In terms of Xiānyuán, Jùyáng Xiānzūn should have the upper hand. In Liàn Zhú, it is Fāng Yuán who has the upper hand",3,2,2,0,
2,Llama 3,Base,Prompt 1,"""那么对不起得很，两柄剑都到了做哥哥的家里啦""","Then I am really very sorry, for both daggers would belong to my family then","So, sorry to say, both swords have arrived at Dage's home now",1,1,2,0,
2,Llama 3,Base,Prompt 1,"""方源，你怎么也想不到，会有今天吧""","Fang Yuan, you had never in your wildest imagination, expect this day to occur right","Fang Yuan, you didn't think that things would turn out this way, did you?",3,3,3,0,
2,Llama 3,Base,Prompt 1,"""提到弟弟丁言。 丁齐满脸悲伤愤怒""","Mentioning his brother, Ding Qi was extremely angry and upset",Mentioning his younger brother Ding Yan. Ding Qi's face was full of sadness and anger.,3,3,3,0,
2,Llama 3,Base,Prompt 1,"""黄蓉道""",Huang Rong said,Huang Rongdao,0,0,1,0,
2,Llama 3,Base,Prompt 1,"""大小姐，你不妨将此事交给我处理，我来找她谈，付出一些代价也无妨""","Missy, leave this to me, I will negotiate with her, it is okay if we pay a small price","Miss, you might as well let me handle this matter, I'll go talk to her, and it's alright to pay some price",2,2,2,0,
2,Llama 3,Base,Prompt 1,"""现在还不是换取变化道仙蛊方，炼制变化道的其他仙蛊的时候""","Now was not the time to exchange them for transformation path Immortal Gu recipes, or the time to refine transformation path Immortal Gu","It is not time yet to exchange the Huafang of the Transformation Path, to refine the other Huafang of the Transformation Path",2,1,0,0,
2,Llama 3,Base,Prompt 1,"""苏秦背剑""",Reviving Qin Behind the Sword,Su Qin wears a sword on his back,2,2,2,0,
2,Llama 3,Base,Prompt 1,"""轰的一声，他就与前方的元妖子与通天道人，直接撞在了一起，元妖子喷出鲜血，通天道人一样鲜血狂喷，二人倒退时，噬灵上人与广目天尊，哪怕有些迟疑，可还是前行阻拦，与白小纯再次碰触""","A boom could be heard as he slammed into Prince Ur-Demon and Daoist Heavenspan. Blood sprayed out of both of their mouths as they were sent tumbling to the side. As for Reverend Devourer and Celestial Virūpākṣa, although they were still leery about the situation, they still tried to block Bai Xiaochun’s path","With a loud crash, he directly collided with Yuanyaozi and Tongtian Daoren in front of him. Yuanyaozi spat out fresh blood, and Tongtian Daoren also sprayed out fresh blood. As the two retreated, Xi Ling Shangren and Guangmu Tianzun, although somewhat hesitant, still moved forward to block the way and collided with Bai Xiaochun again.",2,2,2,0,
2,Llama 3,Base,Prompt 1,"""其中一个手段，是关于命牌蛊、魂灯蛊""",One of the methods was about life tablet Gu and soul lantern Gu,"One of the moves is about Mìng Pái Huò, Hún Dēng Huò",2,1,1,0,
2,Llama 3,Base,Prompt 1,"""他最后说，我十分伤心，跟着你来的日子也不远了""",He finally said that his grief was so deep that the day he would follow her to the grave would not be far away,"He finally said, I am very sad, the days of following you are not far away",1,1,0,0,
2,Llama 3,Base,Prompt 1,"""刚想到这里，陆畏因眼前忽然一黑""","While thinking of this, Lu Wei Yin’s vision suddenly turned dark","As soon as he thought of this, Lu Wei's eyes suddenly darkened",3,3,3,0,
2,Llama 3,Base,Prompt 1,"""欧阳锋道""",Hong Qigong said,Ouyang Fengdao,0,0,0,0,
2,Llama 3,Base,Prompt 1,"""一灯道""",Yideng said,Yideng Dao,0,0,0,0,
2,Llama 3,Base,Prompt 1,"""大部分风刃则成功地绕过水莲，在后方重新汇聚，形成一个稍小的纠风，仍旧向那头荒级虚兽撞去""","But most of the wind blades dodged the water lotus and gathered together again, forming a smaller entangled wind, and charging towards the desolate level phantom beast","Most of the wind blades successfully bypassed the water lotus, reassembling at the rear to form a slightly smaller whirlwind that continued to charge towards the head of the Huangji Xuru beast",3,2,1,0,
2,Llama 3,Base,Prompt 1,"""嘴巴张得老大，露出一嘴齐整的牙齿，牙关紧闭""","The mouths opened up with jaws clenched, revealing a set of even teeth","His mouth was wide open, revealing a row of neat teeth, with his jaws tightly closed",2,3,2,0,
2,Llama 3,Base,Prompt 1,"""伊上帝之降命，何修短之难哉""",Why did God make someone is life so short,"Since it is the will of Yishangdi, how can the difficulty of cultivating Xiuxian be avoided?",1,0,0,0,
2,Llama 3,Base,Prompt 1,"""东方长凡点点头""",Dong Fang Chang Fan nodded,Dōngfāng Chángfán nodded slightly,2,2,2,0,
2,Llama 3,Base,Prompt 1,"""倒是真不错""",He is truly a good choice,It's actually not bad,1,1,1,0,
2,Llama 3,Base,Prompt 1,"""泰琴拼尽全力，不惜施展损害自己的手段，终于将王蚁收服""",Tai Qin gave it her all and used methods that carried backlash to herself but finally subdued the ant queen,"Tai QIN used all his strength, not hesitating to use moves that would harm himself, and finally subdued Wang Yi",2,1,2,0,
2,Llama 3,Base,Prompt 1,"""柯镇恶听了两人对答，知道郭靖懂得谦抑，心下也自喜欢""",Ke Zhen E was delighted listening to their conversation. He was proud that Guo Jing was well-behaved,"Ke Zhen'e heard the conversation between the two, knew that Guo Jing understood humility, and also liked him in his heart",2,2,2,0,
2,Llama 3,Base,Prompt 1,"""但此茶却是个例外，要一口气喝掉""","ut this tea was different, one had to gulp it in one mouthful","But this tea is an exception, to be drunk in one breath",3,2,2,0,
2,Llama 3,Base,Prompt 1,"""领队的武官叫道""",The leader shouted in response,The commander of the team is called Dào,0,0,0,1,Explica env ez de traducir
2,Llama 3,Base,Prompt 1,"""而现在，他只有将自身强悍到了极致后，才有把握，将那看似打不死的雷山，直接轰杀，一旦将其轰杀，白小纯就可以在无人追击中，彻底逃遁出去""","Right now, Bai Xiaochun knew that he had to become as powerful as he possibly could. He needed to cut down the seemingly unkillable Lei Shan, which would give them the oppor tunity to truly escape","Now, he only has a chance of winning after he has strengthened himself to the extreme, and then he can directly blast Lei Shan, who seems impossible to kill, to death. Once Lei Shan is killed, Bai Xiaochun can escape completely without being pursued.",2,2,2,0,
2,Llama 3,Base,Prompt 1,"""气海老祖，你我之间其实并没有什么大的矛盾，完全可以和平共处""","Qi Sea Ancestor, we do not have a huge grudge between us, we can coexist in peace","Qihai Laozu, there is actually no great conflict between us, and we can coexist peacefully",2,1,2,0,
2,Llama 3,Base,Prompt 1,"""若非方源不想在炎煌雷泽仙僵面前，暴露了定仙游和自己的身份，他早就赶到了""","If not for the fact that Fang Yuan did not want to expose Fixed Immortal Travel and his identity in front of the Blazing Glory Lightning Brilliance immortal zombie, he would have arrived long ago","If it weren't for Fangyuan, he wouldn't have revealed Dingxian You and his own identity in front of Yanhuang Leize Xianjing, he would have arrived earlier",0,0,0,1,Inventa otra situación
2,Llama 3,Base,Prompt 1,"""常山yīn的过去，早已经成为一个关于英雄的传说，在北原大地上广为流传""","Chang Shan Yin's past was a heroic tale, it was widely spread in northern plains","The past of Changshan Yin had already become a legendary story about a hero, widely spread on the Beiyuan continent",1,1,1,0,
2,Llama 3,Base,Prompt 1,"""我全身发抖，冷得很""","I was shaking all over, I was very cold.","My whole body is trembling, and I'm extremely cold",2,2,2,0,
2,Llama 3,Base,Prompt 1,"""这就是将来，巨阳仙尊血道有成之后，可以吞并长生天，使得自身实力实现恐怖暴涨""","In the future, after Giant Sun I mmortal Venerable’sblood path cultivation reach ac ertain level, he could annex Longevity Heaven to raise his strength to at errifying level","This is the future, after Jù Yáng Xiān Zūn's Xue Dao has been successful, it can swallow and make Chang Sheng Tiān stronger, making its own strength realize a terrifying explosion",1,1,1,0,
2,Llama 3,Base,Prompt 1,"""元始仙尊的复活之法，方源知晓其中一个""",Fang Yuan knew one of Primordial Origin Immortal Venerable’s revival methods,Yuanshi Xianzun's method of resurrection is something that Fangyuan is aware of,1,2,1,0,
2,Llama 3,Base,Prompt 1,"""他们之前在大殿内也讨论过，彼此都非常为难，因为荣耀弟子的身份，太重要了，在这之前，给的都是战死之人，还从来没过活人，可如今白小纯居然活蹦乱跳的出现在自己面前 这让他们在刚刚知道这个消息时，一个个都愣了一下""","That was one of the reasons why the discussion had been so difficult earlier. The position of Prestige disciple was extremely important, and had previously only been conferred upon people who had died in battle, never living disciples. And yet, here Bai Xiaochun was right in front of them, healthy and no worse for wear That was one reason why all of them had been so shocked to hear the news that he was alive","They had discussed this before in the grand hall, and they were all extremely hesitant, because the identity of a Glory Sect disciple was too important. Previously, they had only given it to those who had died in battle, and never to a living person. But now, Bai Xiaochun had appeared alive and kicking in front of them, which had left them all stunned when they had first heard the news.",3,3,3,0,
2,Llama 3,Base,Prompt 1,"""我去哪啊""",Where am I supposed to go,Where am I going?,1,1,1,0,
2,Llama 3,Base,Prompt 1,"""老毒物放蛇，真不要脸""",The Old Poison dispatches his snakes! Really shameless,"Lǎo Dú Wù Fàng Shé, Zhēn Bù Yào Liǎn",0,0,0,1,Todo en pinyin
2,Llama 3,Base,Prompt 1,"""那也好，我宰了八人，再来助你""",I will come and help you after I have massacred these eight. Precisely,"That's alright, I'll kill eight people, then come to help you",1,2,2,0,
2,Llama 3,Base,Prompt 1,"""但这个计划总会有完成的那一天，咱们不抓紧这次难得的机会怎么行""","But this plan will eventually be completed, aren’t we grabbing onto this chance when it is available to us","But this plan will eventually be completed one day, how can we not seize this rare opportunity",1,3,2,0,
2,Llama 3,Base,Prompt 1,"""智道三元要素，分别是念、意、情""","Wisdom path had three elements, thoughts, wills, and emotions","The three essential elements of Zhidao San Yuan are nian, yi, and qing.",2,1,1,0,
2,Llama 3,Base,Prompt 1,"""方源心中有明悟""",Fang Yuan comprehended inwardly,Fāng Yuán has a clear understanding in his heart,1,1,0,0,
2,Llama 3,Base,Prompt 1,"""他们是我的手下""",Those are my men,They are my subordinates,3,3,3,0,
2,Llama 3,Base,Prompt 1,"""想这些有什么用""",What use is there in thinking about this,What's the point of thinking about these things,2,2,2,0,
2,Llama 3,Base,Prompt 1,"""这落魄谷中，居然有盗天真传""",Luo Po valley actually has a Thieving Heaven true inheritance?,"In this Luogu Valley, there is surprisingly the true transmission of Tou Tian Zhen Chuan",2,2,2,0,
2,Llama 3,Base,Prompt 1,"""在这过程中，不死皮，不死金刚，不死筋 也都全部恢复，甚至白小纯有种强烈的感觉，此刻的不死卷，与他之前所拥有的，不大一样""","As it happened, his Undying Skin, Undying Heavenly King, and Undying Tendons all recovered completely. Furthermore, Bai Xiaochun could sense that this version of the Undying Codex was somehow different than what he had cultivated before","In this process, the Undying Skin, Undying Vajra, and Undying Tendons all recovered, and Bai Xiaochun even had a strong feeling that the current Undying Volume was not much different from the one he previously possessed.",2,2,2,0,
2,Llama 3,Base,Prompt 1,"""方源面色仍旧冷漠，就算是道歉，都是一脸高傲的样子""","Fang Yuan had a cold expression, even when he apologized, he had an arrogant look","Fāng Yuán's face was still as cold as ever, and even when apologizing, he had an air of arrogance about him",2,2,2,0,
2,Llama 3,Base,Prompt 1,"""你居然一直在欺骗我们""", You actually were deceiving us,You actually have been deceiving us all along,2,2,2,0,
2,Llama 3,Fine-Tuned,Prompt 1,"""算不尽仙友，你是智道蛊仙更当明白眼前的局势""","Friend Suan Bu Jin, as a wisdom path Gu Immortal, you should be even more aware of the current situation","Friend Suan Bu Jin, you are a wisdom path Gu Immortal, you should understand the situation",3,3,3,0,
2,Llama 3,Fine-Tuned,Prompt 1,"""立刻这上百药草形成的药液，骤然落下，在与这血湖碰触的瞬间，如同相互之间有强烈的排斥，直接爆发，燃烧成为黑色的火焰，覆盖整个血湖""","As they flew through the air, they transformed into a medicinal liquid. When that entered the blood lake, a powerful expulsion force erupted out, and the burning caused a black smoke to rise up and fill the area","Immediately, the medicinal liquid formed by the hundred plants poured down into the blood lake. The two liquids seemed to repel each other, and as soon as they touched, they began to burn with black flames that covered the entire lake",3,3,3,0,
2,Llama 3,Fine-Tuned,Prompt 1,"""对那些徒手肉搏者，这些堪比钢铁般坚硬的木刺，将会给他们留下深刻的印象""","To those fighting barehanded, these thorns that were as sturdy as steel would leave a lasting impression on them","For those who fought barehanded, these spikes that were as hard as steel would leave a deep impression on them",3,3,3,0,
2,Llama 3,Fine-Tuned,Prompt 1,"""古月方想口中喃喃，捂住心口""","Gu Yue Fang Xiang muttered, his hand over his heart","Gu Yue Fang Xiang muttered, holding his chest",3,2,3,0,
2,Llama 3,Fine-Tuned,Prompt 1,"""若是在平地之上，尺许小径又算得了甚么，可是这石梁下临深谷，别说行走，只望一眼也不免胆战心惊""","If this stone bridge were laid on the ground, it would act just like a narrow alley, nothing to be afraid of, but under the stone bridge was a deep canyon. Just looking at it would cause the heart to tremble with fear, let alone walk across it","If it were on a flat ground, a foot wide path would not be a problem, but this stone bridge was suspended high above a deep valley, not only walking on it was difficult, just looking down would make one heart tremble with fear",3,3,3,0,
2,Llama 3,Fine-Tuned,Prompt 1,"""虽然我并非黄金血脉。 参与王庭争霸，就是为了混迹到八十八角真阳楼中捞取好处""","Although I am not of the Huang Jin bloodline, I participated in the fight for Imperial Court to get some benefits from Eighty-Eight True Yang Building","Even though I am not of Huang Jin bloodline, I am participating in the Imperial Court contest to get into Eighty-Eight True Yang Building and gain benefits",3,2,3,0,
2,Llama 3,Fine-Tuned,Prompt 1,"""反倒是北岸，此刻居然为上官天佑欢呼，这欢呼声让上官天佑心里别扭，他知道北岸不是因为自己，而是因为白小纯才对自己发出欢呼，也就是说，就算与白小纯对战的是一头猪，北岸也会为这头猪喝彩，这么一想，上官天佑心底对白小纯，更为不悦""","The north bank, on the other hand, actually did start to cheer for Shangguan Tianyou. In response, Shangguan Tianyou frowned, aware that they weren't really cheering for him, but against Bai Xiaochun. The north bank would cheer for any oppon ent of Bai Xiaochun’s, even if it were a pig. The thought left Shangguan Tianyou even more displeased than before","The north bank disciples were cheering for Shangguan Tianyou, which made him feel a bit awkward. He knew that they weren’t cheering for him, but rather, for Bai Xiaochun. If Bai Xiaochun had been fighting a pig, the north bank disciples would have cheered for the pig. That made Shangguan Tianyou even more displeased with Bai Xiaochun",3,3,3,0,
2,Llama 3,Fine-Tuned,Prompt 1,"""在仙元方面，巨阳仙尊应当占据优势。 在炼蛊方面，是方源占据优势""","In terms of immortal essence, Giant Sun Immortal Venerable should have an advantage, in terms of Gu refinement, Fang Yuan has the advantage","In terms of immortal essence, Giant Sun Immortal Venerable should have the advantage, while in terms of Gu refinement, Fang Yuan should have the advantage",3,3,3,0,
2,Llama 3,Fine-Tuned,Prompt 1,"""那么对不起得很，两柄剑都到了做哥哥的家里啦""","Then I am really very sorry, for both daggers would belong to my family then","I am sorry, but the two swords are in my brother house",2,2,2,0,
2,Llama 3,Fine-Tuned,Prompt 1,"""方源，你怎么也想不到，会有今天吧""","Fang Yuan, you had never in your wildest imagination, expect this day to occur right","Fang Yuan, you could not have imagined that this day would come",2,3,3,0,
2,Llama 3,Fine-Tuned,Prompt 1,"""提到弟弟丁言。 丁齐满脸悲伤愤怒""","Mentioning his brother, Ding Qi was extremely angry and upset","Mentioning his younger brother Ding Yan, Ding Qi’s face was filled with sadness and anger",3,3,3,0,
2,Llama 3,Fine-Tuned,Prompt 1,"""黄蓉道""",Huang Rong said,Huang Rong said,0,0,0,1,Devuelve el prompt
2,Llama 3,Fine-Tuned,Prompt 1,"""大小姐，你不妨将此事交给我处理，我来找她谈，付出一些代价也无妨""","Missy, leave this to me, I will negotiate with her, it is okay if we pay a small price","Young miss, why don’t you let me handle this matter? I’ll talk to her and pay her some compensation",3,3,3,0,
2,Llama 3,Fine-Tuned,Prompt 1,"""现在还不是换取变化道仙蛊方，炼制变化道的其他仙蛊的时候""","Now was not the time to exchange them for transformation path Immortal Gu recipes, or the time to refine transformation path Immortal Gu", It was not the time to exchange for transformation path Immortal Gu recipes and refine other transformation path Immortal Gu,2,2,2,0,
2,Llama 3,Fine-Tuned,Prompt 1,"""苏秦背剑""",Reviving Qin Behind the Sword,Sword on the Back,3,3,3,0,Entiende el chenyu
2,Llama 3,Fine-Tuned,Prompt 1,"""轰的一声，他就与前方的元妖子与通天道人，直接撞在了一起，元妖子喷出鲜血，通天道人一样鲜血狂喷，二人倒退时，噬灵上人与广目天尊，哪怕有些迟疑，可还是前行阻拦，与白小纯再次碰触""","A boom could be heard as he slammed into Prince Ur-Demon and Daoist Heavenspan. Blood sprayed out of both of their mouths as they were sent tumbling to the side. As for Reverend Devourer and Celestial Virūpākṣa, although they were still leery about the situation, they still tried to block Bai Xiaochun’s path","A boom rang out as he slammed into Prince Ur-Demon and Daoist Heavenspan. Both of them coughed up blood, and were sent tumbling backward. Although Celestial Virūpākṣa and Celestial Devourer hesitated for a moment, they still tried to block Bai Xiaochun’s path",3,3,3,0,
2,Llama 3,Fine-Tuned,Prompt 1,"""其中一个手段，是关于命牌蛊、魂灯蛊""",One of the methods was about life tablet Gu and soul lantern Gu,One of the methods was related to fate tablet Gu and soul lantern Gu,3,3,3,0,
2,Llama 3,Fine-Tuned,Prompt 1,"""他最后说，我十分伤心，跟着你来的日子也不远了""",He finally said that his grief was so deep that the day he would follow her to the grave would not be far away,He said that I was very sad and that the day when I would follow him was not far away,2,2,2,0,
2,Llama 3,Fine-Tuned,Prompt 1,"""刚想到这里，陆畏因眼前忽然一黑""","While thinking of this, Lu Wei Yin’s vision suddenly turned dark","Just as he thought of this, Lu Wei Yin’s vision turned dark",3,3,3,0,
2,Llama 3,Fine-Tuned,Prompt 1,"""欧阳锋道""",Hong Qigong said,Ouyang Feng said,1,1,1,0,
2,Llama 3,Fine-Tuned,Prompt 1,"""一灯道""",Yideng said,Yideng said,3,3,3,0,
2,Llama 3,Fine-Tuned,Prompt 1,"""大部分风刃则成功地绕过水莲，在后方重新汇聚，形成一个稍小的纠风，仍旧向那头荒级虚兽撞去""","But most of the wind blades dodged the water lotus and gathered together again, forming a smaller entangled wind, and charging towards the desolate level phantom beast","Most of the wind blades successfully dodged the water lotus and gathered behind it, forming a slightly smaller windstorm that charged towards the desolate beast",3,3,3,0,
2,Llama 3,Fine-Tuned,Prompt 1,"""嘴巴张得老大，露出一嘴齐整的牙齿，牙关紧闭""","The mouths opened up with jaws clenched, revealing a set of even teeth","His mouth was wide open, revealing a row of neat teeth, his jaws were tightly closed",3,3,3,0,
2,Llama 3,Fine-Tuned,Prompt 1,"""伊上帝之降命，何修短之难哉""",Why did God make someone is life so short,"The Lord God has decreed it, how can we defy it",1,1,1,0,
2,Llama 3,Fine-Tuned,Prompt 1,"""东方长凡点点头""",Dong Fang Chang Fan nodded,Dong Fang Chang Fan nodded,3,3,3,0,
2,Llama 3,Fine-Tuned,Prompt 1,"""倒是真不错""",He is truly a good choice,It is not bad,2,2,2,0,
2,Llama 3,Fine-Tuned,Prompt 1,"""泰琴拼尽全力，不惜施展损害自己的手段，终于将王蚁收服""",Tai Qin gave it her all and used methods that carried backlash to herself but finally subdued the ant queen," Tai Qin used all her strength, even using methods that harmed herself, to finally subdue the king ant",3,2,3,0,King en vez de Queen
2,Llama 3,Fine-Tuned,Prompt 1,"""柯镇恶听了两人对答，知道郭靖懂得谦抑，心下也自喜欢""",Ke Zhen E was delighted listening to their conversation. He was proud that Guo Jing was well-behaved,"Ke Zhen E heard the two people conversation, he knew Guo Jing was modest, he was delighted",2,2,2,0,
2,Llama 3,Fine-Tuned,Prompt 1,"""但此茶却是个例外，要一口气喝掉""","ut this tea was different, one had to gulp it in one mouthful"," But this tea is an exception, you have to drink it in one gulp",3,3,3,0,
2,Llama 3,Fine-Tuned,Prompt 1,"""领队的武官叫道""",The leader shouted in response,The leader of the soldiers shouted,3,3,3,0,
2,Llama 3,Fine-Tuned,Prompt 1,"""而现在，他只有将自身强悍到了极致后，才有把握，将那看似打不死的雷山，直接轰杀，一旦将其轰杀，白小纯就可以在无人追击中，彻底逃遁出去""","Right now, Bai Xiaochun knew that he had to become as powerful as he possibly could. He needed to cut down the seemingly unkillable Lei Shan, which would give them the oppor tunity to truly escape","Now, he had to make sure that he was strong enough to kill the seemingly indestructible Lei Shan. If he could do that, then he would be able to escape without anyone chasing him",3,3,3,0,
2,Llama 3,Fine-Tuned,Prompt 1,"""气海老祖，你我之间其实并没有什么大的矛盾，完全可以和平共处""","Qi Sea Ancestor, we do not have a huge grudge between us, we can coexist in peace","Qi Sea Ancestor, we don’t have any conflict between us, we can coexist peacefully",3,3,3,0,
2,Llama 3,Fine-Tuned,Prompt 1,"""若非方源不想在炎煌雷泽仙僵面前，暴露了定仙游和自己的身份，他早就赶到了""","If not for the fact that Fang Yuan did not want to expose Fixed Immortal Travel and his identity in front of the Blazing Glory Lightning Brilliance immortal zombie, he would have arrived long ago","If Fang Yuan did not want to expose Fixed Immortal Travel and his identity in front of Immortal Zombie Yi Huang Lei Ze, he would have arrived long ago",2,3,2,0,
2,Llama 3,Fine-Tuned,Prompt 1,"""常山yīn的过去，早已经成为一个关于英雄的传说，在北原大地上广为流传""","Chang Shan Yin's past was a heroic tale, it was widely spread in northern plains"," Chang Shan Yin’s past had already become a legend of a hero, it was widely spread in northern plains",3,2,3,0,
2,Llama 3,Fine-Tuned,Prompt 1,"""我全身发抖，冷得很""","I was shaking all over, I was very cold.","My whole body is shaking, I am very cold",3,3,3,0,
2,Llama 3,Fine-Tuned,Prompt 1,"""这就是将来，巨阳仙尊血道有成之后，可以吞并长生天，使得自身实力实现恐怖暴涨""","In the future, after Giant Sun I mmortal Venerable’sblood path cultivation reach ac ertain level, he could annex Longevity Heaven to raise his strength to at errifying level","This was the future, after Giant Sun Immortal Venerable became a blood path expert, he could annex Longevity Heaven and raise his strength by a terrifying amount",2,2,2,0,
2,Llama 3,Fine-Tuned,Prompt 1,"""元始仙尊的复活之法，方源知晓其中一个""",Fang Yuan knew one of Primordial Origin Immortal Venerable’s revival methods,Fang Yuan knew one of the methods to revive Primordial Origin Immortal Venerable,3,3,3,0,
2,Llama 3,Fine-Tuned,Prompt 1,"""他们之前在大殿内也讨论过，彼此都非常为难，因为荣耀弟子的身份，太重要了，在这之前，给的都是战死之人，还从来没过活人，可如今白小纯居然活蹦乱跳的出现在自己面前 这让他们在刚刚知道这个消息时，一个个都愣了一下""","That was one of the reasons why the discussion had been so difficult earlier. The position of Prestige disciple was extremely important, and had previously only been conferred upon people who had died in battle, never living disciples. And yet, here Bai Xiaochun was right in front of them, healthy and no worse for wear That was one reason why all of them had been so shocked to hear the news that he was alive","They had discussed the matter in the great hall, and all of them were very worried. The status of a Prestige disciple was very important, and in the past, they had only ever given it to people who had died in battle. Never had they given it to someone who was still alive. And yet, here Bai Xiaochun was, alive and kicking",3,2,3,0,
2,Llama 3,Fine-Tuned,Prompt 1,"""我去哪啊""",Where am I supposed to go,Where am I going,2,2,2,0,
2,Llama 3,Fine-Tuned,Prompt 1,"""老毒物放蛇，真不要脸""",The Old Poison dispatches his snakes! Really shameless,"The Old Poison is using snakes, he is really shameless",3,3,3,0,
2,Llama 3,Fine-Tuned,Prompt 1,"""那也好，我宰了八人，再来助你""",I will come and help you after I have massacred these eight. Precisely, I will kill eight people and then I will help you,2,2,2,0,
2,Llama 3,Fine-Tuned,Prompt 1,"""但这个计划总会有完成的那一天，咱们不抓紧这次难得的机会怎么行""","But this plan will eventually be completed, aren’t we grabbing onto this chance when it is available to us","But this plan will be completed one day, how can we let this rare opportunity slip away",3,3,3,0,
2,Llama 3,Fine-Tuned,Prompt 1,"""智道三元要素，分别是念、意、情""","Wisdom path had three elements, thoughts, wills, and emotions","The three elements of wisdom path were thoughts, wills, and emotions",3,3,3,0,
2,Llama 3,Fine-Tuned,Prompt 1,"""方源心中有明悟""",Fang Yuan comprehended inwardly,Fang Yuan had a clear understanding,3,3,3,0,
2,Llama 3,Fine-Tuned,Prompt 1,"""他们是我的手下""",Those are my men,They are my subordinates,3,3,3,0,
2,Llama 3,Fine-Tuned,Prompt 1,"""想这些有什么用""",What use is there in thinking about this,What is the use of thinking about it,3,3,3,0,
2,Llama 3,Fine-Tuned,Prompt 1,"""这落魄谷中，居然有盗天真传""",Luo Po valley actually has a Thieving Heaven true inheritance?,This Luo Po valley actually has Thieving Heaven’strue inheritance,3,3,3,0,
2,Llama 3,Fine-Tuned,Prompt 1,"""在这过程中，不死皮，不死金刚，不死筋 也都全部恢复，甚至白小纯有种强烈的感觉，此刻的不死卷，与他之前所拥有的，不大一样""","As it happened, his Undying Skin, Undying Heavenly King, and Undying Tendons all recovered completely. Furthermore, Bai Xiaochun could sense that this version of the Undying Codex was somehow different than what he had cultivated before","During that time, his Undying Skin, Undying Heavenly King, and Undying Tendons all recovered. In fact, he could sense that his Undying Codex was different than it had been before",3,3,3,0,
2,Llama 3,Fine-Tuned,Prompt 1,"""方源面色仍旧冷漠，就算是道歉，都是一脸高傲的样子""","Fang Yuan had a cold expression, even when he apologized, he had an arrogant look","Fang Yuan’s expression was still cold, even when he apologized, he had a proud expression",3,2,3,0,
2,Llama 3,Fine-Tuned,Prompt 1,"""你居然一直在欺骗我们""", You actually were deceiving us,You have been deceiving us all along,2,2,2,0,
2,Llama 3,Base,Prompt 2,"""算不尽仙友，你是智道蛊仙更当明白眼前的局势""","Friend Suan Bu Jin, as a wisdom path Gu Immortal, you should be even more aware of the current situation","You should be well aware of the current situation, Zhidao Húxiān, my fellow immortal friend, for you are known for your profound understanding",2,1,1,0,
2,Llama 3,Base,Prompt 2,"""立刻这上百药草形成的药液，骤然落下，在与这血湖碰触的瞬间，如同相互之间有强烈的排斥，直接爆发，燃烧成为黑色的火焰，覆盖整个血湖""","As they flew through the air, they transformed into a medicinal liquid. When that entered the blood lake, a powerful expulsion force erupted out, and the burning caused a black smoke to rise up and fill the area","In an instant, the medicinal liquid formed from the hundreds of medicinal herbs came pouring down, and the moment it came into contact with the Blood Lake, it was as if they had a strong mutual repulsion, directly erupting and burning into black flames that covered the entire Xiě Hú, shrouding it in an intense, dark inferno.",2,2,1,0,
2,Llama 3,Base,Prompt 2,"""对那些徒手肉搏者，这些堪比钢铁般坚硬的木刺，将会给他们留下深刻的印象""","To those fighting barehanded, these thorns that were as sturdy as steel would leave a lasting impression on them","For those who engage in bare-handed combat, these wooden spikes as hard as steel will leave a profound impression on them",3,3,3,0,
2,Llama 3,Base,Prompt 2,"""古月方想口中喃喃，捂住心口""","Gu Yue Fang Xiang muttered, his hand over his heart","ǔ Yuè's thoughts were a gentle murmur on her lips, as she clasped her hands over her heart, as if to stifle the turmoil within, her eyes gazing afar with a deep sense of longing, like the faint glow of a crescent moon hanging low in the night sky, casting an ethereal light upon her tranquil face, a reflection of the serene and peaceful world that lay beyond the turmoil of her own heart",0,2,1,1,Buena telenovela
2,Llama 3,Base,Prompt 2,"""若是在平地之上，尺许小径又算得了甚么，可是这石梁下临深谷，别说行走，只望一眼也不免胆战心惊""","If this stone bridge were laid on the ground, it would act just like a narrow alley, nothing to be afraid of, but under the stone bridge was a deep canyon. Just looking at it would cause the heart to tremble with fear, let alone walk across it","On level ground, a narrow path of just a few feet would be of little concern, but this stone bridge hung over a deep chasm, and not only was it daunting to walk upon, merely glancing at it was enough to make one's heart tremble with fear, as if the very spirit was shaken.",2,2,2,0,
2,Llama 3,Base,Prompt 2,"""虽然我并非黄金血脉。 参与王庭争霸，就是为了混迹到八十八角真阳楼中捞取好处""","Although I am not of the Huang Jin bloodline, I participated in the fight for Imperial Court to get some benefits from Eighty-Eight True Yang Building","Although I am not of the Huangjin bloodline, participating in the Wangting struggle for hegemony is merely a ploy to blend into the crowd and gain an advantage, for my true intention is to sneak into the Bazhijiiao Zhenyang Lou and reap the benefits",2,2,1,0,
2,Llama 3,Base,Prompt 2,"""反倒是北岸，此刻居然为上官天佑欢呼，这欢呼声让上官天佑心里别扭，他知道北岸不是因为自己，而是因为白小纯才对自己发出欢呼，也就是说，就算与白小纯对战的是一头猪，北岸也会为这头猪喝彩，这么一想，上官天佑心底对白小纯，更为不悦""","The north bank, on the other hand, actually did start to cheer for Shangguan Tianyou. In response, Shangguan Tianyou frowned, aware that they weren't really cheering for him, but against Bai Xiaochun. The north bank would cheer for any oppon ent of Bai Xiaochun’s, even if it were a pig. The thought left Shangguan Tianyou even more displeased than before","It was actually the north shore that was cheering for Shàngguān Tiān Yòu at this moment, and these cheers made Shàngguān Tiān Yòu feel uncomfortable in his heart. He knew that the north shore was not cheering for him, but for Bái Xiǎo Chún, which meant that even if Bái Xiǎo Chún were fighting a pig, the north shore would still cheer for the pig. With this thought, Shàngguān Tiān Yòu's displeasure towards Bái Xiǎo Chún grew even deeper in his heart.",2,2,3,0,
2,Llama 3,Base,Prompt 2,"""在仙元方面，巨阳仙尊应当占据优势。 在炼蛊方面，是方源占据优势""","In terms of immortal essence, Giant Sun Immortal Venerable should have an advantage, in terms of Gu refinement, Fang Yuan has the advantage","In the realm of Xiān Yuán, the Jù Yáng Xiān Zūn ought to hold the upper hand. However, when it comes to the refinement of Gu, it is Fāng Yuán who possesses the advantage.",2,1,2,0,
2,Llama 3,Base,Prompt 2,"""那么对不起得很，两柄剑都到了做哥哥的家里啦""","Then I am really very sorry, for both daggers would belong to my family then","It seems that apologies are in order, for both swords have now arrived at Dàgē's residence",1,2,1,0,
2,Llama 3,Base,Prompt 2,"""方源，你怎么也想不到，会有今天吧""","Fang Yuan, you had never in your wildest imagination, expect this day to occur right","Fangyuan, you could never have imagined that such a day would come to pass, and yet it has arrived, borne on the winds of fate, a reality that now stands before us like an unyielding mountain.",1,2,2,1,Melodramatico
2,Llama 3,Base,Prompt 2,"""提到弟弟丁言。 丁齐满脸悲伤愤怒""","Mentioning his brother, Ding Qi was extremely angry and upset","Mentioning his younger brother, Ding Yan, Ding Qi's face was filled with sorrow and indignation",3,3,3,0,
2,Llama 3,Base,Prompt 2,"""黄蓉道""",Huang Rong said,Huang Rong said,3,3,3,0,
2,Llama 3,Base,Prompt 2,"""大小姐，你不妨将此事交给我处理，我来找她谈，付出一些代价也无妨""","Missy, leave this to me, I will negotiate with her, it is okay if we pay a small price","Young mistress, you need not trouble yourself with this matter, I shall take it upon myself to handle it. I shall go and speak with her, and even if it requires paying a certain price, it is of no consequence to me.",1,2,2,1,
2,Llama 3,Base,Prompt 2,"""现在还不是换取变化道仙蛊方，炼制变化道的其他仙蛊的时候""","Now was not the time to exchange them for transformation path Immortal Gu recipes, or the time to refine transformation path Immortal Gu","It was not yet time to exchange the Huànghé Dàoxiān Wāng Fāng, or to refine the other Xiān Wāng of the Huànghé Dàoxiān.",2,1,1,0,
2,Llama 3,Base,Prompt 2,"""苏秦背剑""",Reviving Qin Behind the Sword,"Su Qin bore the sword on his back, an unyielding determination etched upon his countenance, as if the weight of the blade was a constant reminder of the unrelenting path that lay ahead, a testament to his unshakeable resolve to wield the jian with honor and valor.",1,2,2,1,Alucinación
2,Llama 3,Base,Prompt 2,"""轰的一声，他就与前方的元妖子与通天道人，直接撞在了一起，元妖子喷出鲜血，通天道人一样鲜血狂喷，二人倒退时，噬灵上人与广目天尊，哪怕有些迟疑，可还是前行阻拦，与白小纯再次碰触""","A boom could be heard as he slammed into Prince Ur-Demon and Daoist Heavenspan. Blood sprayed out of both of their mouths as they were sent tumbling to the side. As for Reverend Devourer and Celestial Virūpākṣa, although they were still leery about the situation, they still tried to block Bai Xiaochun’s path","With a loud crash, he collided directly with Yuānyāozǐ and Tōngtiān Dàorén in front of him. Yuānyāozǐ spat out fresh blood, and Tōngtiān Dàorén also sprayed out fresh blood wildly. As the two retreated, Xiè Líng Shàng Rén and Guǎng Mù Tiān Zūn, despite some hesitation, still moved forward to block the way and clashed with Bái Xiǎo Chún once again.",3,2,2,0,
2,Llama 3,Base,Prompt 2,"""其中一个手段，是关于命牌蛊、魂灯蛊""",One of the methods was about life tablet Gu and soul lantern Gu,"Among these techniques, one was related to the Mìngpái Huò and the Hún Dēng Huò, mysterious and arcane methods that wove together the intricate threads of fate and the ethereal glow of the soul.",1,2,2,1,Alucinación
2,Llama 3,Base,Prompt 2,"""他最后说，我十分伤心，跟着你来的日子也不远了""",He finally said that his grief was so deep that the day he would follow her to the grave would not be far away,"He finally said, my heart is filled with sorrow, the days of following you are also drawing to a close",2,2,2,0,
2,Llama 3,Base,Prompt 2,"""刚想到这里，陆畏因眼前忽然一黑""","While thinking of this, Lu Wei Yin’s vision suddenly turned dark","As soon as this thought occurred to him, Lù Wèi's vision suddenly darkened, as if a veil of darkness had descended before his eyes, and he felt an inexplicable sense of foreboding, like the whisper of a winter wind that sends shivers down the spine.",0,0,0,1,Alucinación
2,Llama 3,Base,Prompt 2,"""欧阳锋道""",Hong Qigong said,"Ouyang Feng's swordsmanship was as unpredictable as a tempest, leaving his opponents bewildered and helpless, like autumn leaves torn asunder by a gust of wind, as he wielded his blade with the finesse of a summer breeze, his every move a masterful blend of the subtle and the sublime, a true embodiment of the unbridled fury and elegance that defined the pinnacle of Wudangquan, his artistry with the sword a testament to the transcendent beauty that arose from the harmony of heaven and earth.",0,0,0,1,Alucinación
2,Llama 3,Base,Prompt 2,"""一灯道""",Yideng said,"Yideng Dao, a lone lantern's gentle glow, illuminated the path ahead, like a guiding beacon in the darkness, as the whispers of the wind carried the faint scent of distant mountains and the soft rustle of leaves, beckoning the wanderer to embark on a journey through the realms of the unknown.",0,0,0,1,Alucinación
2,Llama 3,Base,Prompt 2,"""大部分风刃则成功地绕过水莲，在后方重新汇聚，形成一个稍小的纠风，仍旧向那头荒级虚兽撞去""","But most of the wind blades dodged the water lotus and gathered together again, forming a smaller entangled wind, and charging towards the desolate level phantom beast","Most of the fēng rèn then successfully skirted around the shuǐ lián, reassembling at the rear to form a slightly smaller jiū fēng, which continued to charge towards that headless yuán jí móu shòu.",2,1,1,0,
2,Llama 3,Base,Prompt 2,"""嘴巴张得老大，露出一嘴齐整的牙齿，牙关紧闭""","The mouths opened up with jaws clenched, revealing a set of even teeth","His mouth was agape, revealing a set of neatly aligned teeth, with his gums tightly closed",3,2,2,0,
2,Llama 3,Base,Prompt 2,"""伊上帝之降命，何修短之难哉""",Why did God make someone is life so short,"Since the will of Yishangdi has been decreed, what difficulty is there in distinguishing between the noble and the base, or in discerning the subtleties of life and death?",1,2,2,1,
2,Llama 3,Base,Prompt 2,"""东方长凡点点头""",Dong Fang Chang Fan nodded,"Dōngfāng Chángfán nodded his head in agreement, his movements economical and understated, much like the subtle yet unyielding rhythms of the natural world.",1,1,1,1,
2,Llama 3,Base,Prompt 2,"""倒是真不错""",He is truly a good choice,"It was indeed not mistaken, a reversal of expectations that proved to be true, for in the realm of the wuxia, truth often lies in the unexpected, and the unyielding pursuit of justice can lead one down a path of discovery, where the lines between reality and illusion are blurred, and the heart must be guided by an unshakeable sense of righteousness, as the great heroes of old, such as those who roamed the land of Jianghu, have always known, that the true test of character lies not in the absence of mistakes, but in the courage to correct them, and to emerge stronger, like the unyielding will of a true warrior, tempered by the fires of adversity, and forged in the depths of the human spirit, where the essence of truth and wisdom resides, waiting to be uncovered by those who dare to seek it, and to wield it, like the mighty sword of a legendary hero, cutting through the darkness, and illuminating the path",1,1,1,1,
2,Llama 3,Base,Prompt 2,"""泰琴拼尽全力，不惜施展损害自己的手段，终于将王蚁收服""",Tai Qin gave it her all and used methods that carried backlash to herself but finally subdued the ant queen,"Taiqin exhausted all his strength, sparing no effort and even resorting to techniques that would harm himself, and finally managed to subdue Wangyi",2,2,2,0,
2,Llama 3,Base,Prompt 2,"""柯镇恶听了两人对答，知道郭靖懂得谦抑，心下也自喜欢""",Ke Zhen E was delighted listening to their conversation. He was proud that Guo Jing was well-behaved,"After listening to the exchange between the two, Ke Zhen'e realized that Guo Jing was capable of humility, and his heart couldn't help but feel a liking for him.",2,2,2,0,
2,Llama 3,Base,Prompt 2,"""但此茶却是个例外，要一口气喝掉""","ut this tea was different, one had to gulp it in one mouthful","However, this tea was an exception, one that had to be downed in a single, unbroken draught.",2,2,1,0,
2,Llama 3,Base,Prompt 2,"""领队的武官叫道""",The leader shouted in response,"he commander of the troops, Wuguan, shouted loudly, his voice carrying far and wide, as he led his men in pursuit of the fugitives, their armor glinting in the sunlight like a thousand shining scales, while the sound of drums and horns rose to a deafening crescendo, shaking the very heavens and striking fear into the hearts of all who heard it.",0,0,0,1,
2,Llama 3,Base,Prompt 2,"""而现在，他只有将自身强悍到了极致后，才有把握，将那看似打不死的雷山，直接轰杀，一旦将其轰杀，白小纯就可以在无人追击中，彻底逃遁出去""","Right now, Bai Xiaochun knew that he had to become as powerful as he possibly could. He needed to cut down the seemingly unkillable Lei Shan, which would give them the oppor tunity to truly escape","Now, he only had confidence after pushing his physical strength to the extreme, and then he could directly blast to death the seemingly invincible Lei Shan, and once Lei Shan was killed, Bai Xiaochun could thoroughly escape without being pursued by anyone.",3,3,3,0,
2,Llama 3,Base,Prompt 2,"""气海老祖，你我之间其实并没有什么大的矛盾，完全可以和平共处""","Qi Sea Ancestor, we do not have a huge grudge between us, we can coexist in peace","Qihai Laozu, between you and me, there is actually no great conflict, we can completely coexist in peace",2,2,2,0,
2,Llama 3,Base,Prompt 2,"""若非方源不想在炎煌雷泽仙僵面前，暴露了定仙游和自己的身份，他早就赶到了""","If not for the fact that Fang Yuan did not want to expose Fixed Immortal Travel and his identity in front of the Blazing Glory Lightning Brilliance immortal zombie, he would have arrived long ago","Had it not been for Fāng Yuán's reluctance to reveal his and Dìng Xiān Yóu's identities before the eerie, corpse-like face of Yán Huáng Léi Zé, he would have hastened to the scene long ago.",2,2,1,0,
2,Llama 3,Base,Prompt 2,"""常山yīn的过去，早已经成为一个关于英雄的传说，在北原大地上广为流传""","Chang Shan Yin's past was a heroic tale, it was widely spread in northern plains","The bygone era of Changshan's yīn had long since transformed into a legendary tale of heroism, widely disseminated across the vast expanse of Beiyuan Da Di",2,2,2,1,
2,Llama 3,Base,Prompt 2,"""我全身发抖，冷得很""","I was shaking all over, I was very cold.","My entire body trembled with convulsions, chilled to the bone, as if the very marrow had been frozen by an unseen force, leaving me shivering in an icy grip.",1,1,1,0,
2,Llama 3,Base,Prompt 2,"""这就是将来，巨阳仙尊血道有成之后，可以吞并长生天，使得自身实力实现恐怖暴涨""","In the future, after Giant Sun I mmortal Venerable’sblood path cultivation reach ac ertain level, he could annex Longevity Heaven to raise his strength to at errifying level","This is the future, after the bloodline of Jùyáng Xiānzūn has reached its culmination, where it can engulf and prolong the lifespan of Tiānzhēng, thereby causing its own strength to skyrocket to a terrifying and explosive degree.",2,2,2,0,
2,Llama 3,Base,Prompt 2,"""元始仙尊的复活之法，方源知晓其中一个""",Fang Yuan knew one of Primordial Origin Immortal Venerable’s revival methods,"The secret to reviving Yuanshi Xianzun lay in a method known only to Fangyuan, who was aware of one part of the process.",0,2,2,1,
2,Llama 3,Base,Prompt 2,"""他们之前在大殿内也讨论过，彼此都非常为难，因为荣耀弟子的身份，太重要了，在这之前，给的都是战死之人，还从来没过活人，可如今白小纯居然活蹦乱跳的出现在自己面前 这让他们在刚刚知道这个消息时，一个个都愣了一下""","That was one of the reasons why the discussion had been so difficult earlier. The position of Prestige disciple was extremely important, and had previously only been conferred upon people who had died in battle, never living disciples. And yet, here Bai Xiaochun was right in front of them, healthy and no worse for wear That was one reason why all of them had been so shocked to hear the news that he was alive","They had previously discussed this within the great hall, and each of them was deeply troubled, for the identity of Róng Yào Dì Zǐ was far too important; in the past, only those who had died in battle were given this title, and never had it been bestowed upon a living person, yet now, Bái Xiǎo Chún had suddenly appeared before them, alive and well, which left them all stunned and disbelieving when they first heard the news.",2,2,2,0,
2,Llama 3,Base,Prompt 2,"""我去哪啊""",Where am I supposed to go,"Where am I headed, I wonder?",1,1,1,0,
2,Llama 3,Base,Prompt 2,"""老毒物放蛇，真不要脸""",The Old Poison dispatches his snakes! Really shameless,"Lǎo Dú Wù wú fàng shé, zhēn bù yào liǎn, a phrase that embodies the unyielding and unapologetic spirit of a seasoned martial artist, can be translated to: ""The old venomous one releases the snake, truly having no regard for face.""",0,0,2,1,
2,Llama 3,Base,Prompt 2,"""那也好，我宰了八人，再来助你""",I will come and help you after I have massacred these eight. Precisely,"Very well, I will slay eight men and then come to assist you",2,1,2,0,
2,Llama 3,Base,Prompt 2,"""但这个计划总会有完成的那一天，咱们不抓紧这次难得的机会怎么行""","But this plan will eventually be completed, aren’t we grabbing onto this chance when it is available to us","But the day when this plan will finally be completed will inevitably arrive, and if we do not seize this rare opportunity with urgency, how can we proceed?",1,3,2,0,
2,Llama 3,Base,Prompt 2,"""智道三元要素，分别是念、意、情""","Wisdom path had three elements, thoughts, wills, and emotions","The three essential elements of Zhìdào are xiǎng, yì, and qíng, which respectively signify the realms of thought, intention, and sentiment.",1,2,2,1,
2,Llama 3,Base,Prompt 2,"""方源心中有明悟""",Fang Yuan comprehended inwardly,Fang Yuan's heart was filled with a profound understanding,2,2,2,0,
2,Llama 3,Base,Prompt 2,"""他们是我的手下""",Those are my men,"They are my subordinates, the ones who follow my command and walk in my shadow, their loyalty and honor bound to mine like the unbreakable ties of fate that weave our destinies together.",0,0,0,1,
2,Llama 3,Base,Prompt 2,"""想这些有什么用""",What use is there in thinking about this,What is the point of pondering these things?,3,3,3,0,
2,Llama 3,Base,Prompt 2,"""这落魄谷中，居然有盗天真传""",Luo Po valley actually has a Thieving Heaven true inheritance?,"In this desolate Luòchué Gǔ, the legendary Tiānzhēn Zhēnchuán unexpectedly lay hidden, waiting to be unearthed by one worthy of its secrets.",2,2,2,1,
2,Llama 3,Base,Prompt 2,"""在这过程中，不死皮，不死金刚，不死筋 也都全部恢复，甚至白小纯有种强烈的感觉，此刻的不死卷，与他之前所拥有的，不大一样""","As it happened, his Undying Skin, Undying Heavenly King, and Undying Tendons all recovered completely. Furthermore, Bai Xiaochun could sense that this version of the Undying Codex was somehow different than what he had cultivated before","In the midst of this transformation, the Búsǐ Pí, Búsǐ JīngāNG, and Búsǐ JīN also underwent a complete restoration, and Bái Xiǎo Chún felt an intense sensation, as if the current Búsǐ Juàn was not vastly different from the one he had previously possessed.",3,2,2,0,
2,Llama 3,Base,Prompt 2,"""方源面色仍旧冷漠，就算是道歉，都是一脸高傲的样子""","Fang Yuan had a cold expression, even when he apologized, he had an arrogant look","Fang Yuan's countenance remained as icy as before, and even when offering an apology, his face still wore an air of haughty arrogance.",2,2,2,0,
2,Llama 3,Base,Prompt 2,"""你居然一直在欺骗我们""", You actually were deceiving us,"You have been deceiving us all along, haven't you?",2,2,2,0,
2,Llama 3,Fine-Tuned,Prompt 2,"""算不尽仙友，你是智道蛊仙更当明白眼前的局势""","Friend Suan Bu Jin, as a wisdom path Gu Immortal, you should be even more aware of the current situation","Suan Bu Jin, you are a wisdom path Gu Immortal, you should understand the situation",3,3,3,0,
2,Llama 3,Fine-Tuned,Prompt 2,"""立刻这上百药草形成的药液，骤然落下，在与这血湖碰触的瞬间，如同相互之间有强烈的排斥，直接爆发，燃烧成为黑色的火焰，覆盖整个血湖""","As they flew through the air, they transformed into a medicinal liquid. When that entered the blood lake, a powerful expulsion force erupted out, and the burning caused a black smoke to rise up and fill the area","Instantly, the medicinal liquid formed by the hundred plants poured down into the blood lake. The two liquids seemed to repel each other, and as soon as they touched, they ignited into black flames that covered the entire blood lake",3,3,3,0,
2,Llama 3,Fine-Tuned,Prompt 2,"""对那些徒手肉搏者，这些堪比钢铁般坚硬的木刺，将会给他们留下深刻的印象""","To those fighting barehanded, these thorns that were as sturdy as steel would leave a lasting impression on them","To those who fought barehanded, these spikes that were as hard as steel would leave a deep impression on them",3,3,3,0,
2,Llama 3,Fine-Tuned,Prompt 2,"""古月方想口中喃喃，捂住心口""","Gu Yue Fang Xiang muttered, his hand over his heart","Gu Yue Fang Xiang muttered, holding his chest",3,3,3,0,
2,Llama 3,Fine-Tuned,Prompt 2,"""若是在平地之上，尺许小径又算得了甚么，可是这石梁下临深谷，别说行走，只望一眼也不免胆战心惊""","If this stone bridge were laid on the ground, it would act just like a narrow alley, nothing to be afraid of, but under the stone bridge was a deep canyon. Just looking at it would cause the heart to tremble with fear, let alone walk across it","If it were on a flat ground, a path of this width would not be a problem, but this stone bridge was suspended high above a deep valley. Not only would walking on it be difficult, just looking at it would make one heart tremble with fear",3,3,3,0,
2,Llama 3,Fine-Tuned,Prompt 2,"""虽然我并非黄金血脉。 参与王庭争霸，就是为了混迹到八十八角真阳楼中捞取好处""","Although I am not of the Huang Jin bloodline, I participated in the fight for Imperial Court to get some benefits from Eighty-Eight True Yang Building","Even though I am not of Huang Jin bloodline, I am participating in the Imperial Court contest to get into Eighty-Eight True Yang Building and gain benefits",3,3,3,0,
2,Llama 3,Fine-Tuned,Prompt 2,"""反倒是北岸，此刻居然为上官天佑欢呼，这欢呼声让上官天佑心里别扭，他知道北岸不是因为自己，而是因为白小纯才对自己发出欢呼，也就是说，就算与白小纯对战的是一头猪，北岸也会为这头猪喝彩，这么一想，上官天佑心底对白小纯，更为不悦""","The north bank, on the other hand, actually did start to cheer for Shangguan Tianyou. In response, Shangguan Tianyou frowned, aware that they weren't really cheering for him, but against Bai Xiaochun. The north bank would cheer for any oppon ent of Bai Xiaochun’s, even if it were a pig. The thought left Shangguan Tianyou even more displeased than before","The north bank disciples were cheering for Shangguan Tianyou, which made him feel very awkward. He knew that they weren’t cheering for him, but rather, for Bai Xiaochun. If Bai Xiaochun had been fighting a pig, the north bank disciples would have cheered for the pig. That thought made Shangguan Tianyou even more displeased with Bai Xiaochun",3,3,3,0,
2,Llama 3,Fine-Tuned,Prompt 2,"""在仙元方面，巨阳仙尊应当占据优势。 在炼蛊方面，是方源占据优势""","Gramaticalmente parece bien, pero no tiene sentido","In terms of immortal essence, Giant Sun Immortal Venerable should have the advantage, while in terms of Gu refinement, Fang Yuan should have the advantage",3,3,3,0,
2,Llama 3,Fine-Tuned,Prompt 2,"""那么对不起得很，两柄剑都到了做哥哥的家里啦""","Then I am really very sorry, for both daggers would belong to my family then","I am sorry, but both swords are in my brother house",2,2,2,0,
2,Llama 3,Fine-Tuned,Prompt 2,"""方源，你怎么也想不到，会有今天吧""","Fang Yuan, you had never in your wildest imagination, expect this day to occur right","Fang Yuan, you could not have imagined that this day would come",3,3,3,0,
2,Llama 3,Fine-Tuned,Prompt 2,"""提到弟弟丁言。 丁齐满脸悲伤愤怒""","Mentioning his brother, Ding Qi was extremely angry and upset","Mentioning his younger brother Ding Yan, Ding Qi’s face was filled with sadness and anger",3,3,3,0,
2,Llama 3,Fine-Tuned,Prompt 2,"""黄蓉道""",Huang Rong said,Huang Rong said,3,3,3,0,
2,Llama 3,Fine-Tuned,Prompt 2,"""大小姐，你不妨将此事交给我处理，我来找她谈，付出一些代价也无妨""","Missy, leave this to me, I will negotiate with her, it is okay if we pay a small price","Missy, why don’t you let me handle this matter? I’ll talk to her and pay her some compensation",3,3,3,0,
2,Llama 3,Fine-Tuned,Prompt 2,"""现在还不是换取变化道仙蛊方，炼制变化道的其他仙蛊的时候""","Now was not the time to exchange them for transformation path Immortal Gu recipes, or the time to refine transformation path Immortal Gu",It was not the time to exchange for transformation path Immortal Gu recipes and refine other transformation path Immortal Gu,3,3,3,0,
2,Llama 3,Fine-Tuned,Prompt 2,"""苏秦背剑""",Reviving Qin Behind the Sword,Su Qin Backs the Sword,3,2,3,0,
2,Llama 3,Fine-Tuned,Prompt 2,"""轰的一声，他就与前方的元妖子与通天道人，直接撞在了一起，元妖子喷出鲜血，通天道人一样鲜血狂喷，二人倒退时，噬灵上人与广目天尊，哪怕有些迟疑，可还是前行阻拦，与白小纯再次碰触""","A boom could be heard as he slammed into Prince Ur-Demon and Daoist Heavenspan. Blood sprayed out of both of their mouths as they were sent tumbling to the side. As for Reverend Devourer and Celestial Virūpākṣa, although they were still leery about the situation, they still tried to block Bai Xiaochun’s path","A boom rang out as he slammed into Prince Ur-Demon and Daoist Heavenspan. Both of them coughed up blood, and were sent tumbling backward. Although Reverend Devourer and Celestial Virūpākṣa were a bit hesitant, they still tried to block Bai Xiaochun’s path, and the two of them slammed into him",3,3,3,0,
2,Llama 3,Fine-Tuned,Prompt 2,"""其中一个手段，是关于命牌蛊、魂灯蛊""",One of the methods was about life tablet Gu and soul lantern Gu,One of the methods was related to fate tablet Gu and soul lantern Gu,3,3,3,0,
2,Llama 3,Fine-Tuned,Prompt 2,"""他最后说，我十分伤心，跟着你来的日子也不远了""",He finally said that his grief was so deep that the day he would follow her to the grave would not be far away,He said that I was very sad and that the day when I would follow him was not far away,1,1,1,0,
2,Llama 3,Fine-Tuned,Prompt 2,"""刚想到这里，陆畏因眼前忽然一黑""","While thinking of this, Lu Wei Yin’s vision suddenly turned dark","Just as he thought of this, Lu Wei Yin’s vision turned dark",3,3,3,0,
2,Llama 3,Fine-Tuned,Prompt 2,"""欧阳锋道""",Hong Qigong said,Ouyang Feng said,1,1,1,0,
2,Llama 3,Fine-Tuned,Prompt 2,"""一灯道""",Yideng said,Yideng said,3,3,3,0,
2,Llama 3,Fine-Tuned,Prompt 2,"""大部分风刃则成功地绕过水莲，在后方重新汇聚，形成一个稍小的纠风，仍旧向那头荒级虚兽撞去""","But most of the wind blades dodged the water lotus and gathered together again, forming a smaller entangled wind, and charging towards the desolate level phantom beast","Most of the wind blades successfully dodged the water lotus and gathered behind it, forming a slightly smaller windstorm that charged towards the desolate beast",3,3,3,0,
2,Llama 3,Fine-Tuned,Prompt 2,"""嘴巴张得老大，露出一嘴齐整的牙齿，牙关紧闭""","The mouths opened up with jaws clenched, revealing a set of even teeth","His mouth was wide open, revealing a row of neat teeth, his jaws were tightly shut",3,3,3,0,
2,Llama 3,Fine-Tuned,Prompt 2,"""伊上帝之降命，何修短之难哉""",Why did God make someone is life so short,The will of God is difficult to defy,2,2,2,0,
2,Llama 3,Fine-Tuned,Prompt 2,"""东方长凡点点头""",Dong Fang Chang Fan nodded,Dong Fang Chang Fan nodded,3,3,3,0,
2,Llama 3,Fine-Tuned,Prompt 2,"""倒是真不错""",He is truly a good choice,It is not bad,2,2,2,0,
2,Llama 3,Fine-Tuned,Prompt 2,"""泰琴拼尽全力，不惜施展损害自己的手段，终于将王蚁收服""",Tai Qin gave it her all and used methods that carried backlash to herself but finally subdued the ant queen,"Tai Qin used all her strength, even using methods that harmed herself, and finally subdued the king ant",3,2,3,0,
2,Llama 3,Fine-Tuned,Prompt 2,"""柯镇恶听了两人对答，知道郭靖懂得谦抑，心下也自喜欢""",Ke Zhen E was delighted listening to their conversation. He was proud that Guo Jing was well-behaved,"Ke Zhen E heard the two people conversation, he knew Guo Jing was modest, he was delighted",2,2,2,0,
2,Llama 3,Fine-Tuned,Prompt 2,"""但此茶却是个例外，要一口气喝掉""","ut this tea was different, one had to gulp it in one mouthful","But this tea was an exception, it had to be drunk in one gulp",3,3,3,0,
2,Llama 3,Fine-Tuned,Prompt 2,"""领队的武官叫道""",The leader shouted in response,The officer in charge shouted,2,3,3,0,
2,Llama 3,Fine-Tuned,Prompt 2,"""而现在，他只有将自身强悍到了极致后，才有把握，将那看似打不死的雷山，直接轰杀，一旦将其轰杀，白小纯就可以在无人追击中，彻底逃遁出去""","Right now, Bai Xiaochun knew that he had to become as powerful as he possibly could. He needed to cut down the seemingly unkillable Lei Shan, which would give them the oppor tunity to truly escape","Now, he had to make sure that he was strong enough to kill Lei Shan, who seemed almost impossible to kill. If he could do that, then he would be able to escape without anyone chasing him",3,2,3,0,
2,Llama 3,Fine-Tuned,Prompt 2,"""气海老祖，你我之间其实并没有什么大的矛盾，完全可以和平共处""","Qi Sea Ancestor, we do not have a huge grudge between us, we can coexist in peace"," Qi Sea Ancestor, we do not have any conflict, we can coexist peacefully",3,3,3,0,
2,Llama 3,Fine-Tuned,Prompt 2,"""若非方源不想在炎煌雷泽仙僵面前，暴露了定仙游和自己的身份，他早就赶到了""","If not for the fact that Fang Yuan did not want to expose Fixed Immortal Travel and his identity in front of the Blazing Glory Lightning Brilliance immortal zombie, he would have arrived long ago","If Fang Yuan did not want to expose Fixed Immortal Travel and his identity in front of Immortal Zombie Yi Huang Lei Ze, he would have arrived long ago",3,3,3,0,
2,Llama 3,Fine-Tuned,Prompt 2,"""常山yīn的过去，早已经成为一个关于英雄的传说，在北原大地上广为流传""","Chang Shan Yin's past was a heroic tale, it was widely spread in northern plains","Chang Shan Yin’s past had already become a legend of a hero, spreading all over northern plains",2,3,3,0,
2,Llama 3,Fine-Tuned,Prompt 2,"""我全身发抖，冷得很""","I was shaking all over, I was very cold.","My whole body is shaking, I am very cold",3,3,3,0,
2,Llama 3,Fine-Tuned,Prompt 2,"""这就是将来，巨阳仙尊血道有成之后，可以吞并长生天，使得自身实力实现恐怖暴涨""","In the future, after Giant Sun I mmortal Venerable’sblood path cultivation reach ac ertain level, he could annex Longevity Heaven to raise his strength to at errifying level","This was the future, after Giant Sun Immortal Venerable became a blood path expert, he could annex Longevity Heaven and raise his strength to a terrifying level",3,3,3,0,
2,Llama 3,Fine-Tuned,Prompt 2,"""元始仙尊的复活之法，方源知晓其中一个""",Fang Yuan knew one of Primordial Origin Immortal Venerable’s revival methods,Fang Yuan knew one of the methods to revive Primordial Origin Immortal Venerable,3,3,3,0,
2,Llama 3,Fine-Tuned,Prompt 2,"""他们之前在大殿内也讨论过，彼此都非常为难，因为荣耀弟子的身份，太重要了，在这之前，给的都是战死之人，还从来没过活人，可如今白小纯居然活蹦乱跳的出现在自己面前 这让他们在刚刚知道这个消息时，一个个都愣了一下""","That was one of the reasons why the discussion had been so difficult earlier. The position of Prestige disciple was extremely important, and had previously only been conferred upon people who had died in battle, never living disciples. And yet, here Bai Xiaochun was right in front of them, healthy and no worse for wear That was one reason why all of them had been so shocked to hear the news that he was alive","They had discussed the matter in the main hall, and all of them were very worried. The status of a Prestige disciple was very important, and in the past, they had only ever given it to people who had died in battle. Never had they given it to someone who was still alive. And yet, Bai Xiaochun was now standing right in front of them, alive and kicking. When they had first heard the news, they had all been shocked",3,3,3,0,
2,Llama 3,Fine-Tuned,Prompt 2,"""我去哪啊""",Where am I supposed to go,Where am I going,1,1,1,0,
2,Llama 3,Fine-Tuned,Prompt 2,"""老毒物放蛇，真不要脸""",The Old Poison dispatches his snakes! Really shameless,"The Old Poison is using snakes, he is really shameless",3,3,3,0,
2,Llama 3,Fine-Tuned,Prompt 2,"""那也好，我宰了八人，再来助你""",I will come and help you after I have massacred these eight. Precisely,"That is all right, I will kill eight people and then I will help you",2,2,2,0,
2,Llama 3,Fine-Tuned,Prompt 2,"""但这个计划总会有完成的那一天，咱们不抓紧这次难得的机会怎么行""","But this plan will eventually be completed, aren’t we grabbing onto this chance when it is available to us","But this plan will be completed one day, how can we let go of this rare opportunity",3,3,3,0,
2,Llama 3,Fine-Tuned,Prompt 2,"""智道三元要素，分别是念、意、情""","Wisdom path had three elements, thoughts, wills, and emotions","The three elements of wisdom path were thought, will, and emotion",3,3,3,0,
2,Llama 3,Fine-Tuned,Prompt 2,"""方源心中有明悟""",Fang Yuan comprehended inwardly,Fang Yuan had a clear understanding,2,2,2,0,
2,Llama 3,Fine-Tuned,Prompt 2,"""他们是我的手下""",Those are my men,They are my subordinates,3,3,3,0,
2,Llama 3,Fine-Tuned,Prompt 2,"""想这些有什么用""",What use is there in thinking about this,What is the point of thinking about this,3,3,3,0,
2,Llama 3,Fine-Tuned,Prompt 2,"""这落魄谷中，居然有盗天真传""",Luo Po valley actually has a Thieving Heaven true inheritance?, This Luo Po valley actually has Thieving Heaven’strue inheritance,3,3,3,0,
2,Llama 3,Fine-Tuned,Prompt 2,"""在这过程中，不死皮，不死金刚，不死筋 也都全部恢复，甚至白小纯有种强烈的感觉，此刻的不死卷，与他之前所拥有的，不大一样""","As it happened, his Undying Skin, Undying Heavenly King, and Undying Tendons all recovered completely. Furthermore, Bai Xiaochun could sense that this version of the Undying Codex was somehow different than what he had cultivated before","During that time, his Undying Skin, Undying Heavenly King, and Undying Tendons all recovered. In fact, Bai Xiaochun could sense that his Undying Codex was different than it had been before",3,3,3,0,
2,Llama 3,Fine-Tuned,Prompt 2,"""方源面色仍旧冷漠，就算是道歉，都是一脸高傲的样子""","Fang Yuan had a cold expression, even when he apologized, he had an arrogant look","Fang Yuan’s expression was still cold, even when he apologized, he had a proud expression",3,2,3,0,
2,Llama 3,Fine-Tuned,Prompt 2,"""你居然一直在欺骗我们""", You actually were deceiving us,You have been deceiving us all along,3,3,3,0,