"ID",Arquitectura,Estado_Modelo,Tipo_Input,texto_raw,Texto_Input,Texto_Output,FIDELIDAD,CALIDAD,DOMINIO,ALUCINACION,Notas_Cualitativas
2,Llama 3,Base,Prompt 2,"""算不尽仙友，你是智道蛊仙更当明白眼前的局势""","Friend Suan Bu Jin, as a wisdom path Gu Immortal, you should be even more aware of the current situation","You should be well aware of the current situation, Zhidao Húxiān, my fellow immortal friend, for you are known for your profound understanding",2,1,1,0,
2,Llama 3,Base,Prompt 2,"""立刻这上百药草形成的药液，骤然落下，在与这血湖碰触的瞬间，如同相互之间有强烈的排斥，直接爆发，燃烧成为黑色的火焰，覆盖整个血湖""","As they flew through the air, they transformed into a medicinal liquid. When that entered the blood lake, a powerful expulsion force erupted out, and the burning caused a black smoke to rise up and fill the area","In an instant, the medicinal liquid formed from the hundreds of medicinal herbs came pouring down, and the moment it came into contact with the Blood Lake, it was as if they had a strong mutual repulsion, directly erupting and burning into black flames that covered the entire Xiě Hú, shrouding it in an intense, dark inferno.",2,2,1,0,
2,Llama 3,Base,Prompt 2,"""对那些徒手肉搏者，这些堪比钢铁般坚硬的木刺，将会给他们留下深刻的印象""","To those fighting barehanded, these thorns that were as sturdy as steel would leave a lasting impression on them","For those who engage in bare-handed combat, these wooden spikes as hard as steel will leave a profound impression on them",3,3,3,0,
2,Llama 3,Base,Prompt 2,"""古月方想口中喃喃，捂住心口""","Gu Yue Fang Xiang muttered, his hand over his heart","ǔ Yuè's thoughts were a gentle murmur on her lips, as she clasped her hands over her heart, as if to stifle the turmoil within, her eyes gazing afar with a deep sense of longing, like the faint glow of a crescent moon hanging low in the night sky, casting an ethereal light upon her tranquil face, a reflection of the serene and peaceful world that lay beyond the turmoil of her own heart",0,2,1,1,Buena telenovela
2,Llama 3,Base,Prompt 2,"""若是在平地之上，尺许小径又算得了甚么，可是这石梁下临深谷，别说行走，只望一眼也不免胆战心惊""","If this stone bridge were laid on the ground, it would act just like a narrow alley, nothing to be afraid of, but under the stone bridge was a deep canyon. Just looking at it would cause the heart to tremble with fear, let alone walk across it","On level ground, a narrow path of just a few feet would be of little concern, but this stone bridge hung over a deep chasm, and not only was it daunting to walk upon, merely glancing at it was enough to make one's heart tremble with fear, as if the very spirit was shaken.",2,2,2,0,
2,Llama 3,Base,Prompt 2,"""虽然我并非黄金血脉。 参与王庭争霸，就是为了混迹到八十八角真阳楼中捞取好处""","Although I am not of the Huang Jin bloodline, I participated in the fight for Imperial Court to get some benefits from Eighty-Eight True Yang Building","Although I am not of the Huangjin bloodline, participating in the Wangting struggle for hegemony is merely a ploy to blend into the crowd and gain an advantage, for my true intention is to sneak into the Bazhijiiao Zhenyang Lou and reap the benefits",2,2,1,0,
2,Llama 3,Base,Prompt 2,"""反倒是北岸，此刻居然为上官天佑欢呼，这欢呼声让上官天佑心里别扭，他知道北岸不是因为自己，而是因为白小纯才对自己发出欢呼，也就是说，就算与白小纯对战的是一头猪，北岸也会为这头猪喝彩，这么一想，上官天佑心底对白小纯，更为不悦""","The north bank, on the other hand, actually did start to cheer for Shangguan Tianyou. In response, Shangguan Tianyou frowned, aware that they weren't really cheering for him, but against Bai Xiaochun. The north bank would cheer for any oppon ent of Bai Xiaochun’s, even if it were a pig. The thought left Shangguan Tianyou even more displeased than before","It was actually the north shore that was cheering for Shàngguān Tiān Yòu at this moment, and these cheers made Shàngguān Tiān Yòu feel uncomfortable in his heart. He knew that the north shore was not cheering for him, but for Bái Xiǎo Chún, which meant that even if Bái Xiǎo Chún were fighting a pig, the north shore would still cheer for the pig. With this thought, Shàngguān Tiān Yòu's displeasure towards Bái Xiǎo Chún grew even deeper in his heart.",2,2,3,0,
2,Llama 3,Base,Prompt 2,"""在仙元方面，巨阳仙尊应当占据优势。 在炼蛊方面，是方源占据优势""","In terms of immortal essence, Giant Sun Immortal Venerable should have an advantage, in terms of Gu refinement, Fang Yuan has the advantage","In the realm of Xiān Yuán, the Jù Yáng Xiān Zūn ought to hold the upper hand. However, when it comes to the refinement of Gu, it is Fāng Yuán who possesses the advantage.",2,1,2,0,
2,Llama 3,Base,Prompt 2,"""那么对不起得很，两柄剑都到了做哥哥的家里啦""","Then I am really very sorry, for both daggers would belong to my family then","It seems that apologies are in order, for both swords have now arrived at Dàgē's residence",1,2,1,0,
2,Llama 3,Base,Prompt 2,"""方源，你怎么也想不到，会有今天吧""","Fang Yuan, you had never in your wildest imagination, expect this day to occur right","Fangyuan, you could never have imagined that such a day would come to pass, and yet it has arrived, borne on the winds of fate, a reality that now stands before us like an unyielding mountain.",1,2,2,1,Melodramatico
2,Llama 3,Base,Prompt 2,"""提到弟弟丁言。 丁齐满脸悲伤愤怒""","Mentioning his brother, Ding Qi was extremely angry and upset","Mentioning his younger brother, Ding Yan, Ding Qi's face was filled with sorrow and indignation",3,3,3,0,
2,Llama 3,Base,Prompt 2,"""黄蓉道""",Huang Rong said,Huang Rong said,3,3,3,0,
2,Llama 3,Base,Prompt 2,"""大小姐，你不妨将此事交给我处理，我来找她谈，付出一些代价也无妨""","Missy, leave this to me, I will negotiate with her, it is okay if we pay a small price","Young mistress, you need not trouble yourself with this matter, I shall take it upon myself to handle it. I shall go and speak with her, and even if it requires paying a certain price, it is of no consequence to me.",1,2,2,1,
2,Llama 3,Base,Prompt 2,"""现在还不是换取变化道仙蛊方，炼制变化道的其他仙蛊的时候""","Now was not the time to exchange them for transformation path Immortal Gu recipes, or the time to refine transformation path Immortal Gu","It was not yet time to exchange the Huànghé Dàoxiān Wāng Fāng, or to refine the other Xiān Wāng of the Huànghé Dàoxiān.",2,1,1,0,
2,Llama 3,Base,Prompt 2,"""苏秦背剑""",Reviving Qin Behind the Sword,"Su Qin bore the sword on his back, an unyielding determination etched upon his countenance, as if the weight of the blade was a constant reminder of the unrelenting path that lay ahead, a testament to his unshakeable resolve to wield the jian with honor and valor.",1,2,2,1,Alucinación
2,Llama 3,Base,Prompt 2,"""轰的一声，他就与前方的元妖子与通天道人，直接撞在了一起，元妖子喷出鲜血，通天道人一样鲜血狂喷，二人倒退时，噬灵上人与广目天尊，哪怕有些迟疑，可还是前行阻拦，与白小纯再次碰触""","A boom could be heard as he slammed into Prince Ur-Demon and Daoist Heavenspan. Blood sprayed out of both of their mouths as they were sent tumbling to the side. As for Reverend Devourer and Celestial Virūpākṣa, although they were still leery about the situation, they still tried to block Bai Xiaochun’s path","With a loud crash, he collided directly with Yuānyāozǐ and Tōngtiān Dàorén in front of him. Yuānyāozǐ spat out fresh blood, and Tōngtiān Dàorén also sprayed out fresh blood wildly. As the two retreated, Xiè Líng Shàng Rén and Guǎng Mù Tiān Zūn, despite some hesitation, still moved forward to block the way and clashed with Bái Xiǎo Chún once again.",3,2,2,0,
2,Llama 3,Base,Prompt 2,"""其中一个手段，是关于命牌蛊、魂灯蛊""",One of the methods was about life tablet Gu and soul lantern Gu,"Among these techniques, one was related to the Mìngpái Huò and the Hún Dēng Huò, mysterious and arcane methods that wove together the intricate threads of fate and the ethereal glow of the soul.",1,2,2,1,Alucinación
2,Llama 3,Base,Prompt 2,"""他最后说，我十分伤心，跟着你来的日子也不远了""",He finally said that his grief was so deep that the day he would follow her to the grave would not be far away,"He finally said, my heart is filled with sorrow, the days of following you are also drawing to a close",2,2,2,0,
2,Llama 3,Base,Prompt 2,"""刚想到这里，陆畏因眼前忽然一黑""","While thinking of this, Lu Wei Yin’s vision suddenly turned dark","As soon as this thought occurred to him, Lù Wèi's vision suddenly darkened, as if a veil of darkness had descended before his eyes, and he felt an inexplicable sense of foreboding, like the whisper of a winter wind that sends shivers down the spine.",0,0,0,1,Alucinación
2,Llama 3,Base,Prompt 2,"""欧阳锋道""",Hong Qigong said,"Ouyang Feng's swordsmanship was as unpredictable as a tempest, leaving his opponents bewildered and helpless, like autumn leaves torn asunder by a gust of wind, as he wielded his blade with the finesse of a summer breeze, his every move a masterful blend of the subtle and the sublime, a true embodiment of the unbridled fury and elegance that defined the pinnacle of Wudangquan, his artistry with the sword a testament to the transcendent beauty that arose from the harmony of heaven and earth.",0,0,0,1,Alucinación
2,Llama 3,Base,Prompt 2,"""一灯道""",Yideng said,"Yideng Dao, a lone lantern's gentle glow, illuminated the path ahead, like a guiding beacon in the darkness, as the whispers of the wind carried the faint scent of distant mountains and the soft rustle of leaves, beckoning the wanderer to embark on a journey through the realms of the unknown.",0,0,0,1,Alucinación
2,Llama 3,Base,Prompt 2,"""大部分风刃则成功地绕过水莲，在后方重新汇聚，形成一个稍小的纠风，仍旧向那头荒级虚兽撞去""","But most of the wind blades dodged the water lotus and gathered together again, forming a smaller entangled wind, and charging towards the desolate level phantom beast","Most of the fēng rèn then successfully skirted around the shuǐ lián, reassembling at the rear to form a slightly smaller jiū fēng, which continued to charge towards that headless yuán jí móu shòu.",2,1,1,0,
2,Llama 3,Base,Prompt 2,"""嘴巴张得老大，露出一嘴齐整的牙齿，牙关紧闭""","The mouths opened up with jaws clenched, revealing a set of even teeth","His mouth was agape, revealing a set of neatly aligned teeth, with his gums tightly closed",3,2,2,0,
2,Llama 3,Base,Prompt 2,"""伊上帝之降命，何修短之难哉""",Why did God make someone is life so short,"Since the will of Yishangdi has been decreed, what difficulty is there in distinguishing between the noble and the base, or in discerning the subtleties of life and death?",1,2,2,1,
2,Llama 3,Base,Prompt 2,"""东方长凡点点头""",Dong Fang Chang Fan nodded,"Dōngfāng Chángfán nodded his head in agreement, his movements economical and understated, much like the subtle yet unyielding rhythms of the natural world.",1,1,1,1,
2,Llama 3,Base,Prompt 2,"""倒是真不错""",He is truly a good choice,"It was indeed not mistaken, a reversal of expectations that proved to be true, for in the realm of the wuxia, truth often lies in the unexpected, and the unyielding pursuit of justice can lead one down a path of discovery, where the lines between reality and illusion are blurred, and the heart must be guided by an unshakeable sense of righteousness, as the great heroes of old, such as those who roamed the land of Jianghu, have always known, that the true test of character lies not in the absence of mistakes, but in the courage to correct them, and to emerge stronger, like the unyielding will of a true warrior, tempered by the fires of adversity, and forged in the depths of the human spirit, where the essence of truth and wisdom resides, waiting to be uncovered by those who dare to seek it, and to wield it, like the mighty sword of a legendary hero, cutting through the darkness, and illuminating the path",1,1,1,1,
2,Llama 3,Base,Prompt 2,"""泰琴拼尽全力，不惜施展损害自己的手段，终于将王蚁收服""",Tai Qin gave it her all and used methods that carried backlash to herself but finally subdued the ant queen,"Taiqin exhausted all his strength, sparing no effort and even resorting to techniques that would harm himself, and finally managed to subdue Wangyi",2,2,2,0,
2,Llama 3,Base,Prompt 2,"""柯镇恶听了两人对答，知道郭靖懂得谦抑，心下也自喜欢""",Ke Zhen E was delighted listening to their conversation. He was proud that Guo Jing was well-behaved,"After listening to the exchange between the two, Ke Zhen'e realized that Guo Jing was capable of humility, and his heart couldn't help but feel a liking for him.",2,2,2,0,
2,Llama 3,Base,Prompt 2,"""但此茶却是个例外，要一口气喝掉""","ut this tea was different, one had to gulp it in one mouthful","However, this tea was an exception, one that had to be downed in a single, unbroken draught.",2,2,1,0,
2,Llama 3,Base,Prompt 2,"""领队的武官叫道""",The leader shouted in response,"he commander of the troops, Wuguan, shouted loudly, his voice carrying far and wide, as he led his men in pursuit of the fugitives, their armor glinting in the sunlight like a thousand shining scales, while the sound of drums and horns rose to a deafening crescendo, shaking the very heavens and striking fear into the hearts of all who heard it.",0,0,0,1,
2,Llama 3,Base,Prompt 2,"""而现在，他只有将自身强悍到了极致后，才有把握，将那看似打不死的雷山，直接轰杀，一旦将其轰杀，白小纯就可以在无人追击中，彻底逃遁出去""","Right now, Bai Xiaochun knew that he had to become as powerful as he possibly could. He needed to cut down the seemingly unkillable Lei Shan, which would give them the oppor tunity to truly escape","Now, he only had confidence after pushing his physical strength to the extreme, and then he could directly blast to death the seemingly invincible Lei Shan, and once Lei Shan was killed, Bai Xiaochun could thoroughly escape without being pursued by anyone.",3,3,3,0,
2,Llama 3,Base,Prompt 2,"""气海老祖，你我之间其实并没有什么大的矛盾，完全可以和平共处""","Qi Sea Ancestor, we do not have a huge grudge between us, we can coexist in peace","Qihai Laozu, between you and me, there is actually no great conflict, we can completely coexist in peace",2,2,2,0,
2,Llama 3,Base,Prompt 2,"""若非方源不想在炎煌雷泽仙僵面前，暴露了定仙游和自己的身份，他早就赶到了""","If not for the fact that Fang Yuan did not want to expose Fixed Immortal Travel and his identity in front of the Blazing Glory Lightning Brilliance immortal zombie, he would have arrived long ago","Had it not been for Fāng Yuán's reluctance to reveal his and Dìng Xiān Yóu's identities before the eerie, corpse-like face of Yán Huáng Léi Zé, he would have hastened to the scene long ago.",2,2,1,0,
2,Llama 3,Base,Prompt 2,"""常山yīn的过去，早已经成为一个关于英雄的传说，在北原大地上广为流传""","Chang Shan Yin's past was a heroic tale, it was widely spread in northern plains","The bygone era of Changshan's yīn had long since transformed into a legendary tale of heroism, widely disseminated across the vast expanse of Beiyuan Da Di",2,2,2,1,
2,Llama 3,Base,Prompt 2,"""我全身发抖，冷得很""","I was shaking all over, I was very cold.","My entire body trembled with convulsions, chilled to the bone, as if the very marrow had been frozen by an unseen force, leaving me shivering in an icy grip.",1,1,1,0,
2,Llama 3,Base,Prompt 2,"""这就是将来，巨阳仙尊血道有成之后，可以吞并长生天，使得自身实力实现恐怖暴涨""","In the future, after Giant Sun I mmortal Venerable’sblood path cultivation reach ac ertain level, he could annex Longevity Heaven to raise his strength to at errifying level","This is the future, after the bloodline of Jùyáng Xiānzūn has reached its culmination, where it can engulf and prolong the lifespan of Tiānzhēng, thereby causing its own strength to skyrocket to a terrifying and explosive degree.",2,2,2,0,
2,Llama 3,Base,Prompt 2,"""元始仙尊的复活之法，方源知晓其中一个""",Fang Yuan knew one of Primordial Origin Immortal Venerable’s revival methods,"The secret to reviving Yuanshi Xianzun lay in a method known only to Fangyuan, who was aware of one part of the process.",0,2,2,1,
2,Llama 3,Base,Prompt 2,"""他们之前在大殿内也讨论过，彼此都非常为难，因为荣耀弟子的身份，太重要了，在这之前，给的都是战死之人，还从来没过活人，可如今白小纯居然活蹦乱跳的出现在自己面前 这让他们在刚刚知道这个消息时，一个个都愣了一下""","That was one of the reasons why the discussion had been so difficult earlier. The position of Prestige disciple was extremely important, and had previously only been conferred upon people who had died in battle, never living disciples. And yet, here Bai Xiaochun was right in front of them, healthy and no worse for wear That was one reason why all of them had been so shocked to hear the news that he was alive","They had previously discussed this within the great hall, and each of them was deeply troubled, for the identity of Róng Yào Dì Zǐ was far too important; in the past, only those who had died in battle were given this title, and never had it been bestowed upon a living person, yet now, Bái Xiǎo Chún had suddenly appeared before them, alive and well, which left them all stunned and disbelieving when they first heard the news.",2,2,2,0,
2,Llama 3,Base,Prompt 2,"""我去哪啊""",Where am I supposed to go,"Where am I headed, I wonder?",1,1,1,0,
2,Llama 3,Base,Prompt 2,"""老毒物放蛇，真不要脸""",The Old Poison dispatches his snakes! Really shameless,"Lǎo Dú Wù wú fàng shé, zhēn bù yào liǎn, a phrase that embodies the unyielding and unapologetic spirit of a seasoned martial artist, can be translated to: ""The old venomous one releases the snake, truly having no regard for face.""",0,0,2,1,
2,Llama 3,Base,Prompt 2,"""那也好，我宰了八人，再来助你""",I will come and help you after I have massacred these eight. Precisely,"Very well, I will slay eight men and then come to assist you",2,1,2,0,
2,Llama 3,Base,Prompt 2,"""但这个计划总会有完成的那一天，咱们不抓紧这次难得的机会怎么行""","But this plan will eventually be completed, aren’t we grabbing onto this chance when it is available to us","But the day when this plan will finally be completed will inevitably arrive, and if we do not seize this rare opportunity with urgency, how can we proceed?",1,3,2,0,
2,Llama 3,Base,Prompt 2,"""智道三元要素，分别是念、意、情""","Wisdom path had three elements, thoughts, wills, and emotions","The three essential elements of Zhìdào are xiǎng, yì, and qíng, which respectively signify the realms of thought, intention, and sentiment.",1,2,2,1,
2,Llama 3,Base,Prompt 2,"""方源心中有明悟""",Fang Yuan comprehended inwardly,Fang Yuan's heart was filled with a profound understanding,2,2,2,0,
2,Llama 3,Base,Prompt 2,"""他们是我的手下""",Those are my men,"They are my subordinates, the ones who follow my command and walk in my shadow, their loyalty and honor bound to mine like the unbreakable ties of fate that weave our destinies together.",0,0,0,1,
2,Llama 3,Base,Prompt 2,"""想这些有什么用""",What use is there in thinking about this,What is the point of pondering these things?,3,3,3,0,
2,Llama 3,Base,Prompt 2,"""这落魄谷中，居然有盗天真传""",Luo Po valley actually has a Thieving Heaven true inheritance?,"In this desolate Luòchué Gǔ, the legendary Tiānzhēn Zhēnchuán unexpectedly lay hidden, waiting to be unearthed by one worthy of its secrets.",2,2,2,1,
2,Llama 3,Base,Prompt 2,"""在这过程中，不死皮，不死金刚，不死筋 也都全部恢复，甚至白小纯有种强烈的感觉，此刻的不死卷，与他之前所拥有的，不大一样""","As it happened, his Undying Skin, Undying Heavenly King, and Undying Tendons all recovered completely. Furthermore, Bai Xiaochun could sense that this version of the Undying Codex was somehow different than what he had cultivated before","In the midst of this transformation, the Búsǐ Pí, Búsǐ JīngāNG, and Búsǐ JīN also underwent a complete restoration, and Bái Xiǎo Chún felt an intense sensation, as if the current Búsǐ Juàn was not vastly different from the one he had previously possessed.",3,2,2,0,
2,Llama 3,Base,Prompt 2,"""方源面色仍旧冷漠，就算是道歉，都是一脸高傲的样子""","Fang Yuan had a cold expression, even when he apologized, he had an arrogant look","Fang Yuan's countenance remained as icy as before, and even when offering an apology, his face still wore an air of haughty arrogance.",2,2,2,0,
2,Llama 3,Base,Prompt 2,"""你居然一直在欺骗我们""", You actually were deceiving us,"You have been deceiving us all along, haven't you?",2,2,2,0,